userName,score,at,content,topic_0,topic_1,topic_2,topic_3,topic_id,Sentiment_Label,Sentiment_NB,clean_text
Pengguna Google,1,2026-04-06 13:24:48,buggg trssss masa gabisaa di buka si!!!!!,0.0317679149210682,0.905528739116092,0.0313354730925208,0.0313678728703187,Topik 1,Netral,Negatif,error tidak bisa buka
Pengguna Google,1,2026-04-06 13:23:35,kenapa akun aku TDK bisa dibuka padahal umur ku 43 THN kn aneh beri bintang 1 aja ke apk tiktonnya prasan TDK melanggar atrn parah akun di blokir ntah knp,0.6347102367600413,0.3482683810182471,0.0084642933584171,0.0085570888632943,Topik 0,Netral,Positif,akun buka umur thn aneh bintang apk tiktonnya prasan langgar atrn parah akun blokir
Pengguna Google,2,2026-04-06 13:22:36,"aneh ni apk pake operator tertentu yang bisa, gw pake operator A gak bisa, pakek operator B bisa, tolong di perbaiki bug nya",0.5040291594359415,0.4730166173099314,0.0115737730744738,0.0113804501796531,Topik 0,Negatif,Negatif,aneh apk pakai operator pakai operator pakai operator tolong baik error nya
Pengguna Google,5,2026-04-06 13:21:52,sangat bagus,0.08333333426591,0.083333334116811,0.7489177344334214,0.0844155971838575,Topik 2,Positif,Positif,bagus
Pengguna Google,4,2026-04-06 13:21:14,enak banget tapi sayang nya jarang buat anak anak,0.4062922968551613,0.0258466030559078,0.542722046629772,0.025139053459159,Topik 2,Netral,Positif,enak sayang nya jarang anak anak
Pengguna Google,1,2026-04-06 13:20:09,kasih 1 aja aplikasi banyak iklan judol,0.0380119814163598,0.2256472042092541,0.4594181489812962,0.2769226653930898,Topik 2,Netral,Negatif,kasih aplikasi iklan judol
Pengguna Google,5,2026-04-06 13:19:54,bagus gak ngelek,0.0652586043939658,0.4791830456224506,0.3930549772209999,0.0625033727625834,Topik 1,Positif,Positif,bagus ngelek
Pengguna Google,4,2026-04-06 13:19:36,"bagus, tapi di aku blm ada fitur vn😭",0.7472417892929255,0.0214031416603708,0.1251748305385449,0.1061802385081587,Topik 0,Positif,Positif,bagus blm fitur
Pengguna Google,3,2026-04-06 13:15:23,"Ni tiktok kok gak mau di update ya, habis di update terus gagal, hadeh",0.0172000740537014,0.9493738191730586,0.0167350535734191,0.0166910531998206,Topik 1,Negatif,Negatif,tiktok update habis update gagal aduh
Pengguna Google,5,2026-04-06 13:13:41,"udah main tiktok dari 2020 tanggal 1 Januari, btww boleh gak saya memasuki program beta? kalau tidak boleh tidak apa apa",0.8989582164292351,0.0122829061165802,0.0767769996396588,0.0119818778145259,Topik 0,Netral,Positif,main tiktok tanggal januari btww pasuk program beta
Pengguna Google,1,2026-04-06 13:13:40,"lag banget ajg udah gitu isinya cuman Orang Live,Iklan & Vidio Promosi barang lagi goblk",0.5260373034400369,0.314024016718774,0.1435560313316559,0.0163826485095331,Topik 0,Netral,Positif,lambat anjing gitu isi orang live iklan vidio promosi barang goblk
Pengguna Google,5,2026-04-06 13:12:48,bagus bgt,0.0835936125657042,0.0859641300007424,0.7456315344941798,0.0848107229393735,Topik 2,Positif,Positif,bagus
Pengguna Google,5,2026-04-06 13:12:15,Aplikasi ini sangat membantu sekali ...bisa dapat uang sambil nontong,0.0231766962060719,0.0231976965771257,0.9308427406120764,0.0227828666047261,Topik 2,Positif,Positif,aplikasi bantu uang nontong
Pengguna Google,1,2026-04-06 13:12:07,"ini knp si tiktok ya , memo saya g penuh loh tapi gk bisa donlod tiktok, tapi donlod apk yg lain bisa knp tiktok gak bisa ga tolong dong",0.0095074323551001,0.9722777329870844,0.0092583485933221,0.0089564860644932,Topik 1,Netral,Positif,tiktok memo penuh unduh tiktok unduh apk tiktok tolong
Pengguna Google,2,2026-04-06 13:10:47,aplikasi sarang monyet masa saya liat anak kecil cewe di video waktu saya liat komen banyak cabul kalo bisa langsung blokir aja orang yang cabul itu terus saya juga pernah liat video yang padahal gak ada unsur bkp tapi pas buka komen banyak yang otak bkp dan masih banyak hal buruk di aplikasi ini,0.8234485045803425,0.1292613479921619,0.0050367731825313,0.0422533742449644,Topik 0,Netral,Positif,aplikasi sarang monyet lihat anak gadis video lihat komen cabul langsung blokir orang cabul lihat video unsur bkp buka komen otak bkp buruk aplikasi
Pengguna Google,5,2026-04-06 13:09:59,mengere,0.1252819563556612,0.6230535742328325,0.1255430233304656,0.1261214460810407,Topik 1,Netral,Positif,kere
Pengguna Google,5,2026-04-06 13:08:39,"bagus, menghibur",0.0833333377463851,0.0833333362294044,0.749999975329766,0.0833333506944443,Topik 2,Positif,Positif,bagus hibur
Pengguna Google,3,2026-04-06 13:08:23,kenpa sih sekarang makin elor,0.0421878478122788,0.8741837301553145,0.0419577040217737,0.0416707180106327,Topik 1,Netral,Positif,kenpa elor
Pengguna Google,1,2026-04-06 13:06:41,lemot padahal kouta ku masih banyak,0.0382086873860312,0.8890297417522909,0.0369760003542613,0.0357855705074163,Topik 1,Negatif,Negatif,lambat kouta
Pengguna Google,5,2026-04-06 13:06:34,bagus,0.1250000009788242,0.1250000013901184,0.624999993815306,0.1250000038157514,Topik 2,Positif,Positif,bagus
Pengguna Google,5,2026-04-06 13:06:08,saya suka dengan apk ini. tapi tambahkan fitur untuk report akun yang promosi judol karena mereka spam komen dan efeknya bisa kena terhadap kreator tersebut. semoga di balas,0.7408927188165824,0.0089411579019064,0.1835326918211241,0.0666334314603871,Topik 0,Positif,Positif,suka apk tambah fitur report akun promosi judol spam komen efek kena kreator moga balas
Pengguna Google,1,2026-04-06 13:06:03,lemot banget ni tiktok,0.0511121281443843,0.8423130462869061,0.0551084499563816,0.0514663756123282,Topik 1,Negatif,Negatif,lambat tiktok
Pengguna Google,5,2026-04-06 13:05:00,SERU BUAT YANG NGASIH BINTANG SAYU SIH GAK ASIK YA PADAHAL BIASANYA JARINGAN KALIAN YANG LEMOT,0.3562646095688792,0.37202608681882,0.0936975808627474,0.1780117227495531,Topik 1,Negatif,Positif,seru ngasih bintang sayu asyik jaring lambat
Pengguna Google,5,2026-04-06 13:03:40,aku kasih bintang 🌟🌟🌟🌟🌟 karena seru banget deh sumpah jangan di hapusya tiktoknya,0.0778616158911175,0.1824053168623886,0.0117268961067943,0.7280061711396996,Topik 3,Netral,Positif,kasih bintang seru deh sumpah hapusya tiktoknya
Pengguna Google,1,2026-04-06 13:03:13,bikin error hp muncul trus sdh uninstal,0.0320784801389432,0.9051741140627846,0.0314532488140425,0.0312941569842295,Topik 1,Negatif,Negatif,ganggu muncul uninstall
Pengguna Google,5,2026-04-06 13:02:46,alap nae tiktok e,0.0637253028262924,0.8024832806974366,0.0706621680179826,0.0631292484582884,Topik 1,Netral,Positif,alap nae tiktok
Pengguna Google,5,2026-04-06 13:01:39,mantap apk nya brooo,0.0508089966888362,0.0535765595462068,0.6297131349813786,0.2659013087835784,Topik 2,Positif,Positif,mantap apk nya bro
Pengguna Google,5,2026-04-06 13:00:47,"Ok,sayang lemot loadingnya saya data banyak RAM masih gede.",0.0240810950995294,0.7253957020488613,0.1308942691860203,0.1196289336655889,Topik 1,Negatif,Negatif,sayang lambat loadingnya data ram gede
Pengguna Google,5,2026-04-06 13:00:16,sangat puas,0.083333341137334,0.0833333379644673,0.0976522184886097,0.7356811024095888,Topik 3,Positif,Positif,puas
Pengguna Google,1,2026-04-06 12:58:43,pliss ini kenapa sih tiktok sekarang makin lemot kok di aku udah gak bisa dipkai,0.0163287239194351,0.9519704725232728,0.0160166293287509,0.0156841742285411,Topik 1,Netral,Negatif,tolong tiktok lambat dipkai
Pengguna Google,5,2026-04-06 12:57:15,smpil ini knpa se tiktok ku gbsa buat liat stry tp org' bisa liat stry ku knp ak gbsa si pdhl jg awlnya g knp' tb' gbsa buat liat stry org.,0.1283018677142734,0.6809119052753824,0.0084325312510043,0.1823536957593399,Topik 1,Positif,Positif,smpil knpa tiktok gbsa lihat stry orang lihat stry gbsa awlnya gbsa lihat stry orang
Pengguna Google,2,2026-04-06 12:56:11,"ko tiktok ku gak bisa lancar nonton kenapa selalu kembali dan tertulis tidak ada kiat ,apa artinya",0.4504492558465976,0.5207422234737352,0.0148592110076893,0.0139493096719778,Topik 1,Positif,Positif,tiktok lancar nonton tulis kiat
Pengguna Google,1,2026-04-06 12:54:42,"tiktok skrg kenapa sih, dibuat liat video lancar tapi buat lihat komen, pencarian video, kirim pesan, lihat tiktok shop semua gbisa, pdhl jaringan lancar buat lihat aplikasi lain juga lancar. udah di update juga masih ttp gada perubahan, terus ini cuma disuruh lihat video aja kah gaperlu lihat yg lain?",0.5390267399896731,0.4509484991505526,0.0051141058436798,0.0049106550160945,Topik 0,Positif,Positif,tiktok lihat video lancar lihat komen cari video kirim pesan lihat tiktok toko gbisa jaring lancar lihat aplikasi lancar update tidak ada ubah suruh lihat video kah tidak perlu lihat
Pengguna Google,1,2026-04-06 12:54:15,waAaAAAea,0.1250894962329417,0.1250544595522665,0.6245126857524964,0.1253433584622953,Topik 2,Netral,Positif,waea
Pengguna Google,5,2026-04-06 12:53:40,mntap sekali aplikasi nya aku suka sekali,0.0318151936902641,0.0322972335211321,0.7760923123874603,0.1597952604011433,Topik 2,Positif,Positif,mntap aplikasi nya suka
Pengguna Google,5,2026-04-06 12:51:52,"bagus, tapi tiba² kena pelanggaran usia padahal ga sebut apa² aneh",0.8452038545881909,0.021539358085647,0.1124228971941138,0.0208338901320481,Topik 0,Positif,Positif,bagus tiba kena langgar usia apa aneh
Pengguna Google,4,2026-04-06 12:51:18,Aplikasi ini bagus Tapi loginya lama bikin kesel tapii saru juga nonton bareng temanku kalau bikin akun bisa ambil fidio orang bisa bikin fidio sendiri Dan juga gue Suka banget nonton vt orang pokoknya Aplikasi ini banggus 😊😊😊,0.1534428442428304,0.1361052621545831,0.383615571255964,0.3268363223466223,Topik 2,Positif,Positif,aplikasi bagus log kesal saru nonton bareng teman akun ambil fidio orang fidio suka nonton orang pokok aplikasi banggus
Pengguna Google,3,2026-04-06 12:49:40,skr ko gk ada gratis ongkir nya 😩,0.4487904731198794,0.3127065151028803,0.0231370376172995,0.2153659741599405,Topik 0,Netral,Positif,skr gratis ongkir nya
Pengguna Google,5,2026-04-06 12:49:39,apknya bagus,0.0833334372573293,0.0900677609731947,0.7432651033637565,0.0833336984057194,Topik 2,Positif,Positif,apknya bagus
Pengguna Google,5,2026-04-06 12:49:32,bagus,0.1250000009788242,0.1250000013901184,0.624999993815306,0.1250000038157514,Topik 2,Positif,Positif,bagus
Pengguna Google,5,2026-04-06 12:48:37,"Hiburan, peras otak, dan lain2",0.4253216749010253,0.0419393020392636,0.4909383932244073,0.0418006298353037,Topik 2,Netral,Positif,hibur peras otak
Pengguna Google,1,2026-04-06 12:47:10,saya mengirim poto kenapa tida ada??? kecewa berat.,0.7397395858895668,0.2043247157351471,0.0279317932840673,0.0280039050912187,Topik 0,Negatif,Negatif,kirim foto tida kecewa berat
Pengguna Google,5,2026-04-06 12:46:54,welll,0.1250046152958515,0.1250027499353727,0.6249747278452144,0.1250179069235613,Topik 2,Netral,Positif,wel
Pengguna Google,5,2026-04-06 12:44:26,josjos,0.1250450193274203,0.125027436638262,0.1250853992119747,0.6248421448223428,Topik 3,Netral,Positif,josjos
Pengguna Google,3,2026-04-06 12:41:44,terlalu banyak fidio hoaxxx,0.052904156454247,0.0516142090109833,0.8446283360319984,0.0508532985027711,Topik 2,Netral,Positif,fidio hoax
Pengguna Google,5,2026-04-06 12:40:37,"video jangan dikompres lah, b5 supaya keliatan. Ini gua bikin video dari 4k malah dibikin 8 bit jadi buruk, hapus fitur nya pls, rusakin vid doang",0.92902346097626,0.0107980396236406,0.0100733611064,0.0501051382936994,Topik 0,Negatif,Negatif,video kompres liat video bikin bit buruk hapus fitur nya tolong rusakin vid doang
Pengguna Google,3,2026-04-06 12:40:33,ini developer nya kemana yaa tolong ini aplikasi ini bikin ngelag trus tolong diperbaiki agar tidak ngelag pliss . tapi sisi baik nya dikit bisa di upgrade apa enggak ya kayak aplikasi sebelah kek (tiktok lite) GK pakai ngelag lancar trus masak kalah sama versi *tiktok lite* sih,0.1420745472258498,0.8089412044871871,0.0437659682902198,0.0052182799967432,Topik 1,Negatif,Negatif,developer nya mana yaa tolong aplikasi lambat tolong baik lambat tolong sisi nya dikit upgrade aplikasi belah tiktok lite pakai lambat lancar masak kalah versi tiktok lite
Pengguna Google,5,2026-04-06 12:40:23,aplikasi nya bagus tapi..... kenapa aku nggak bisa live ya biasa nya di akun orang bisa live semua tapi aku kok nggak bisa ya ?,0.6467330505266801,0.175533715863413,0.1677089978623869,0.0100242357475198,Topik 0,Positif,Positif,aplikasi nya bagus live nya akun orang live
Pengguna Google,4,2026-04-06 12:39:38,bagus sih tapi setiap aku masuk setiap 1 menit itu ngelag dan gak bisa discroll kalo ngetik juga kadang gak bisa lemot parah tapi y lumayan sih,0.0468540792331577,0.8044169138658099,0.1390975070129665,0.0096314998880657,Topik 1,Negatif,Positif,bagus masuk menit lambat discroll ngetik kadang lambat parah iya lumayan
Pengguna Google,1,2026-04-06 12:38:23,"kenapa sekarang banyak iklan"" pada saat nonton satu sampai dua video Langsung iklan sangat menggangu sekali seperti itu tolong lh agak di perbaiki sedikit kurangi lh iklan"" ny atau lebih baik di hilangkan aja agar tidak menggangu pengguna",0.3142405366492611,0.4374407152667489,0.2414093706533939,0.0069093774305959,Topik 1,Negatif,Negatif,iklan nonton video langsung iklan menggangu tolong baik kurang iklan nya hilang menggangu guna
Pengguna Google,1,2026-04-06 12:37:14,WOIIIII INI KENAPA FITUR PESAN DI HAPUS? AJUBANDING DI TOLAK TERUS DENGAN ALASAN SPAM PADAHAL CUMA CHATAN SAMA TEMEN GARA GARA FITUR PESAN DI HAPUS STREAK KU MATIIII !!!!!,0.7897842558567368,0.192197359928199,0.0087261041322593,0.0092922800828048,Topik 0,Netral,Positif,woi fitur pesan hapus ajubanding tolak alas spam chatan teman gara gara fitur pesan hapus streak mati
Pengguna Google,5,2026-04-06 12:36:20,sgt seru,0.0833336204386444,0.083333703212961,0.4097003476578223,0.4236323286905722,Topik 3,Netral,Positif,seru
Pengguna Google,5,2026-04-06 12:36:19,Keysha,0.6246858403275186,0.125030831207847,0.1250926955523937,0.1251906329122407,Topik 0,Netral,Positif,keysha
Pengguna Google,2,2026-04-06 12:33:20,"kenapa tiktok jadi suka lag dan kadang ada bacaan paksa berhenti, dan otomatis keluar dari apk?",0.0156656517317984,0.9539255190286848,0.0156145939878593,0.0147942352516572,Topik 1,Positif,Positif,tiktok suka lambat kadang baca paksa henti otomatis apk
Pengguna Google,5,2026-04-06 12:33:07,aplikasi ini bagus sekali saya beri 🌟 5,0.0290459843517166,0.0283224456391309,0.7240364342623375,0.2185951357468148,Topik 2,Positif,Positif,aplikasi bagus
Pengguna Google,5,2026-04-06 12:32:07,"woi tiktok ini gua udah apus semua aplikasi biar bisa update kok malah gabisa ini gimana,gua udah gapunya apa apa buat yang diapus,buat update aja gabisa padahal memori galeri ga sampek 20,foto cuma 8 video 7 screenshot an cuma 3,udah gua apus semua woi gimana ini WhatsApp juga udah gua apus buat update tiktok malah gabisa malah disuruh ulang teruss ckck kesel bangett.tolonglah woi gua udah ga punya aplikasi apa apa udah kosong kayak hp baru 😭😭😭, tolong lah di kecilin MB nya buat update,plis.",0.4556179458506285,0.5043407026678282,0.0026786535321527,0.0373626979493906,Topik 1,Netral,Negatif,woi tiktok hapus aplikasi update tidak bisa gimana gapunya diapus update tidak bisa ingat galeri foto video screenshot hapus woi gimana whatsapp hapus update tiktok tidak bisa suruh ulang ckck kesal tolong woi aplikasi kosong tolong kecilin nya update tolong
Pengguna Google,5,2026-04-06 12:30:45,baguss,0.1250000149606433,0.1250000093031158,0.6248990606105339,0.1251009151257068,Topik 2,Positif,Positif,baguss
Pengguna Google,1,2026-04-06 12:29:54,masih ada bug nya,0.0562400747327522,0.8430471699117035,0.0507077272761821,0.0500050280793621,Topik 1,Negatif,Negatif,error nya
Pengguna Google,1,2026-04-06 12:27:58,lemot ...,0.125000031854882,0.6249985966518352,0.1250012235753357,0.125000147917947,Topik 1,Negatif,Negatif,lambat
Pengguna Google,3,2026-04-06 12:27:48,tiba tiba pas buka tiktok tidak ada vt lain tapi ngestak di tulisan tiktok b,0.3337133733764957,0.6326513865920456,0.016922146834035,0.0167130931974236,Topik 1,Netral,Positif,buka tiktok ngestak tulis tiktok
Pengguna Google,1,2026-04-06 12:27:40,"jelekk bangett setiapp fotoo di tiktok pas kegaleryy buremmm,teruss jugaa haruss di post untuk smua orang gabisa hanya untuk anda,BALIKIN TIKTOK YANG KEMARIN PLSS",0.5264265376216489,0.3779077745640337,0.0859628246507314,0.009702863163586,Topik 0,Netral,Positif,jelekk setiapp fotoo tiktok kegaleryy buram haruss post smua orang tidak bisa balikin tiktok kemarin plss
Pengguna Google,1,2026-04-06 12:25:59,ngelag bet jirhh,0.0632733241740808,0.4220809399869081,0.4509842187600676,0.0636615170789435,Topik 2,Negatif,Negatif,lambat jirhh
Pengguna Google,4,2026-04-06 12:25:51,bagus sih tiktok nya tapi kok aku ngak bisa daftar masuk ketiktok gak ada akunya ngak bisa buat akun,0.4299941130251374,0.4608242607089683,0.0966522525780923,0.0125293736878018,Topik 1,Positif,Positif,bagus tiktok nya daftar masuk ketiktok aku akun
Pengguna Google,4,2026-04-06 12:25:49,bagus sekarang!!!!,0.0851908235482764,0.4148076782009363,0.4166679754399572,0.0833335228108299,Topik 2,Positif,Positif,bagus
Pengguna Google,5,2026-04-06 12:25:26,sangat berispirasi,0.0833600365865871,0.0833496111039243,0.7487952576972529,0.0844950946122355,Topik 2,Netral,Positif,berispirasi
Pengguna Google,5,2026-04-06 12:24:55,Mantap,0.1250000060051261,0.1250000035252076,0.6249999674151272,0.1250000230545389,Topik 2,Positif,Positif,mantap
Pengguna Google,5,2026-04-06 12:24:03,sangat bagus,0.08333333426591,0.083333334116811,0.7489177344334214,0.0844155971838575,Topik 2,Positif,Positif,bagus
Pengguna Google,5,2026-04-06 12:23:02,didong kb,0.0833528143331905,0.0835437870561911,0.0833702439664125,0.7497331546442059,Topik 3,Netral,Positif,didong
Pengguna Google,5,2026-04-06 12:20:32,aku sukaa❤,0.0519339245145855,0.051195820967567,0.3152821342612821,0.5815881202565655,Topik 3,Positif,Positif,sukaa
Pengguna Google,5,2026-04-06 12:13:14,gatau mau ngomong apa pokoknya aku suka aplikasi ini,0.3288099165958892,0.2310276141568916,0.4149843101570656,0.0251781590901535,Topik 2,Positif,Positif,tidak tahu ngomong pokok suka aplikasi
Pengguna Google,5,2026-04-06 12:12:15,kenapa kadang cuma stuck logo doang terus mental kembali jadinya harus donlod ulang,0.018060162425439,0.9462247187319048,0.0178579339764003,0.0178571848662558,Topik 1,Netral,Negatif,kadang stuck logo doang mental unduh ulang
Pengguna Google,1,2026-04-06 12:10:29,tiktok eror tdak bisa me story dan bikin patah' hp,0.199599963298264,0.5585592165208924,0.0238689963960297,0.2179718237848139,Topik 1,Positif,Positif,tiktok ganggu tdak cerita patah
Pengguna Google,5,2026-04-06 12:09:49,saya sangat tertarik,0.4937738788229411,0.0629865714237565,0.3782288278831763,0.065010721870126,Topik 0,Netral,Positif,tarik
Pengguna Google,5,2026-04-06 12:07:55,terbaik,0.1250000530234284,0.125000030493519,0.6249997164343098,0.1250002000487427,Topik 2,Positif,Positif,baik
Pengguna Google,5,2026-04-06 12:06:56,gatau mau nulis apa,0.8407545303263664,0.0589918387670914,0.0500004467299456,0.0502531841765967,Topik 0,Netral,Positif,tidak tahu nulis
Pengguna Google,4,2026-04-06 12:05:46,bagus tapi video ku jarang fyp,0.6586857762056706,0.0366671550672978,0.2687877911297701,0.0358592775972613,Topik 0,Positif,Positif,bagus video jarang fyp
Pengguna Google,5,2026-04-06 12:05:31,halooo,0.1250628271797554,0.1351832391253625,0.614567013537594,0.1251869201572879,Topik 2,Netral,Positif,halo
Pengguna Google,4,2026-04-06 12:04:30,bagus,0.1250000009788242,0.1250000013901184,0.624999993815306,0.1250000038157514,Topik 2,Positif,Positif,bagus
Pengguna Google,5,2026-04-06 12:03:26,mantap,0.1250000060051261,0.1250000035252076,0.6249999674151272,0.1250000230545389,Topik 2,Positif,Positif,mantap
Pengguna Google,1,2026-04-06 11:58:20,sangat bagus,0.08333333426591,0.083333334116811,0.7489177344334214,0.0844155971838575,Topik 2,Positif,Positif,bagus
Pengguna Google,5,2026-04-06 11:56:12,seruu bangett,0.0833426376739295,0.0836824833043837,0.7477157708955962,0.0852591081260905,Topik 2,Netral,Positif,seruu
Pengguna Google,5,2026-04-06 11:55:38,Banyak pengalaman,0.0849915018481699,0.084565191058827,0.7470055239479325,0.0834377831450704,Topik 2,Netral,Positif,alam
Pengguna Google,5,2026-04-06 11:55:00,bagus,0.1250000009788242,0.1250000013901184,0.624999993815306,0.1250000038157514,Topik 2,Positif,Positif,bagus
Pengguna Google,5,2026-04-06 11:54:47,Sangat menghibur,0.083333338103405,0.0833333361859238,0.7489177084738718,0.0844156172367993,Topik 2,Netral,Positif,hibur
Pengguna Google,5,2026-04-06 11:53:57,sangat bagus,0.08333333426591,0.083333334116811,0.7489177344334214,0.0844155971838575,Topik 2,Positif,Positif,bagus
Pengguna Google,5,2026-04-06 11:53:38,enak kkkk kkk,0.062562671978646,0.0631499951435958,0.8117192672487725,0.0625680656289855,Topik 2,Netral,Positif,enak
Pengguna Google,5,2026-04-06 11:51:26,suka bgt tiktok kan,0.0532892312544178,0.0535117714735385,0.8424069517049616,0.050792045567082,Topik 2,Positif,Positif,suka tiktok
Pengguna Google,5,2026-04-06 11:51:06,demi keindahan tiktok,0.8057119246985361,0.0662729448248814,0.0645891489015211,0.0634259815750612,Topik 0,Netral,Negatif,indah tiktok
Pengguna Google,5,2026-04-06 11:49:01,saya puas dengan tik tok,0.047910829384806,0.5085481760425229,0.0438944351886549,0.3996465593840161,Topik 1,Positif,Positif,puas tik tok
Pengguna Google,5,2026-04-06 11:47:56,Aplikasi bagus tidak ada engelek,0.3770590777202164,0.0427292195687373,0.5385248344847348,0.0416868682263113,Topik 2,Positif,Positif,aplikasi bagus engelek
Pengguna Google,5,2026-04-06 11:45:32,"seru aja, wkwk",0.0687939333951798,0.4074729023183172,0.0649916748118369,0.458741489474666,Topik 3,Netral,Positif,seru wkwk
Pengguna Google,5,2026-04-06 11:43:33,bwgus,0.1250400307458497,0.1250248138860392,0.6247839440416454,0.1251512113264656,Topik 2,Netral,Positif,bwgus
Pengguna Google,5,2026-04-06 11:43:12,sangat seru cocok untuk seperti kita dan lebih banyak hal lg,0.0231275719914284,0.1924441605366491,0.6763520509519975,0.1080762165199249,Topik 2,Netral,Positif,seru cocok
Pengguna Google,1,2026-04-06 11:42:32,"min tolong dong ditiktok untuk iklannya itu kok judol (judi online) semua ya, kalo bisa ilangin dong min gaenak banget diliat. nanti bisa mempengaruhi generasi muda kedepannya bang",0.6567116128232617,0.2761950846896754,0.009701912268579,0.0573913902184837,Topik 0,Netral,Negatif,admin tolong ditiktok iklan judol judi daring ilangin admin gaenak liat pengaruh generasi muda depan kakak
Pengguna Google,5,2026-04-06 11:42:09,bagus,0.1250000009788242,0.1250000013901184,0.624999993815306,0.1250000038157514,Topik 2,Positif,Positif,bagus
Pengguna Google,1,2026-04-06 11:41:25,sudah di install tp tidak bisa di buka. aneh,0.0277649163496011,0.9221298993515727,0.0251041082060007,0.0250010760928254,Topik 1,Positif,Positif,install buka aneh
Pengguna Google,1,2026-04-06 11:36:58,asu we jembot tenan,0.2556230715557568,0.0500265686388617,0.0551143338481826,0.6392360259571989,Topik 3,Netral,Positif,anjing jembot tenan
Pengguna Google,5,2026-04-06 11:36:43,main tik tok tu seru banget karena dari tik tok aku dapat banyak pengalaman 😍!!!,0.0132318027465968,0.3567594055339656,0.252729435354171,0.3772793563652667,Topik 3,Netral,Positif,main tik tok seru tik tok alam
Pengguna Google,5,2026-04-06 11:36:38,sangat senang maen tiktok,0.0531093305521506,0.0520746510489378,0.8441798146212205,0.0506362037776911,Topik 2,Positif,Positif,senang main tiktok
Pengguna Google,5,2026-04-06 11:36:08,Widiy Tiktok,0.0859569154739498,0.7437941269286159,0.0857260358406394,0.0845229217567947,Topik 1,Netral,Positif,widiy tiktok
Pengguna Google,5,2026-04-06 11:34:51,mantap,0.1250000060051261,0.1250000035252076,0.6249999674151272,0.1250000230545389,Topik 2,Positif,Positif,mantap
Pengguna Google,5,2026-04-06 11:34:30,sngt baik,0.0833335126060284,0.083333385946967,0.7499994459646052,0.0833336554823993,Topik 2,Netral,Positif,sngt
Pengguna Google,1,2026-04-06 11:33:57,karena habis beberapa hari langsung keluar gak bisa masuk ke tik tok nya,0.0195727126026309,0.9442665875703016,0.0182527388010188,0.0179079610260487,Topik 1,Positif,Positif,habis langsung masuk tik tok nya
Pengguna Google,1,2026-04-06 11:32:43,"aplikasi ngebug, makin jelek, aturan ngacau, dikit2 pembatasan, gang bikin konten ngawur porno dilolosin wkwkwk tiktok sistem GOBLOK sudah bangkrut, mending apk sebelah",0.621858944539335,0.2015249196135059,0.1661224239499784,0.0104937118971806,Topik 0,Negatif,Negatif,aplikasi ngebug jelek atur ngacau dikit batas gang konten ngawur porno dilolosin wkwkwk tiktok sistem goblok bangkrut mending apk belah
Pengguna Google,5,2026-04-06 11:32:32,kapan gw bisa vin di tiktokkk😭😭,0.7274224479350228,0.0198079470156172,0.0193550516549471,0.2334145533944129,Topik 0,Positif,Positif,vin tiktok
Pengguna Google,5,2026-04-06 11:31:00,aplikasi ku tdk bisa buat mulung koin & tdk bisa tab'',0.9266044080649228,0.0244786513970457,0.0261708821994811,0.0227460583385503,Topik 0,Positif,Positif,aplikasi mulung koin tab
Pengguna Google,5,2026-04-06 11:31:00,bagus,0.1250000009788242,0.1250000013901184,0.624999993815306,0.1250000038157514,Topik 2,Positif,Positif,bagus
Pengguna Google,5,2026-04-06 11:30:42,app aggk lemot,0.0626711697784599,0.8025924034974863,0.064229665840685,0.0705067608833686,Topik 1,Negatif,Negatif,aplikasi aggk lambat
Pengguna Google,2,2026-04-06 11:28:28,kenapa sekarang sering putus sendiri padahal sinyal bagus update juga sudah. tolong di perbaiki....,0.0174634382992972,0.8739281927462141,0.0919401945010696,0.016668174453419,Topik 1,Netral,Negatif,putus jaring bagus update tolong baik
Pengguna Google,2,2026-04-06 11:27:48,tiktok macet memo ku masih banyak loh kenapa tiktok kayak gini coba,0.0202158205080811,0.940775216756966,0.0196750257180133,0.0193339370169393,Topik 1,Netral,Negatif,tiktok macet memo tiktok gin coba
Pengguna Google,3,2026-04-06 11:27:45,tolong kembalikan fitur tayangan ulang profil karena itu sangat berguna bagi sebagian orang,0.6285235189761889,0.1115531492270845,0.2418771079411731,0.0180462238555534,Topik 0,Negatif,Positif,tolong kembali fitur tayang ulang profil guna orang
Pengguna Google,2,2026-04-06 11:27:32,"2 for tiktok, cuzw tiktok caused u brainrot,.",0.0385479278513948,0.039424167838575,0.03795168053295,0.8840762237770801,Topik 3,Netral,Positif,tiktok cuzw tiktok caused brainrot
Pengguna Google,4,2026-04-06 11:21:47,"sukaaa, apk nya baguss, tapi bikin kecanduan hehehe",0.0283967376568928,0.0289553937946747,0.914594017840713,0.0280538507077194,Topik 2,Positif,Positif,suka apk nya baguss candu hehehe
Pengguna Google,2,2026-04-06 11:19:19,masa pas melihat video di beranda sendiri pas di klik selalu ada tulisan di bawah nya vido kaya seperti semacam promosi supaya meningkat kan tayangan maksud nya harus ikut promo gt supaya banyak yang melihat tayangan vidio nya apa gimana ?,0.6150821639839145,0.3720452313280472,0.0067719836902793,0.0061006209977589,Topik 0,Netral,Negatif,video beranda klik tulis nya vido promosi tingkat tayang maksud nya promo gitu tayang vidio nya gimana
Pengguna Google,5,2026-04-06 11:17:53,lemot bgt instal nya plis,0.0430274967550023,0.8722115557863189,0.0427755421091959,0.0419854053494827,Topik 1,Negatif,Negatif,lambat instal nya tolong
Pengguna Google,5,2026-04-06 11:17:05,memuaskan,0.125000029303212,0.1250000175692929,0.1250000655483968,0.6249998875790982,Topik 3,Netral,Positif,muas
Pengguna Google,5,2026-04-06 11:16:36,bagus banget,0.0834723380792945,0.0841019662894584,0.7480022152567288,0.0844234803745181,Topik 2,Positif,Positif,bagus
Pengguna Google,5,2026-04-06 11:16:16,suka,0.1250034052920836,0.1288096850598769,0.620968541654658,0.1252183679933815,Topik 2,Positif,Positif,suka
Pengguna Google,5,2026-04-06 11:14:35,bagus bernilai manfaat,0.0625300222555281,0.0625038430675775,0.8124420961718085,0.0625240385050856,Topik 2,Positif,Positif,bagus nila manfaat
Pengguna Google,5,2026-04-06 11:14:23,bagus buat hiburan,0.0634977855455121,0.0627965222723426,0.8111926481528803,0.0625130440292648,Topik 2,Positif,Positif,bagus hibur
Pengguna Google,5,2026-04-06 11:13:18,lemot banget,0.0837125908763651,0.5964187188152311,0.2332729629560378,0.086595727352366,Topik 1,Negatif,Negatif,lambat
Pengguna Google,4,2026-04-06 11:10:25,Caranya pesan suara gimana bang,0.8715618563508956,0.0438736791848541,0.0425255638379412,0.0420389006263091,Topik 0,Netral,Positif,pesan suara gimana kakak
Pengguna Google,3,2026-04-06 11:09:01,"koq, menu penarikan dana disaldo nonton GK muncul ya yg ada cuman pilihan operator saat diklik malah hilang diulang², sama saja. knp tiktoknya rusak, kali ya?",0.5379221183547291,0.4433007202235641,0.0095048354558666,0.0092723259658399,Topik 0,Netral,Negatif,koq menu tari dana saldo nonton muncul pilih operator klik hilang ulang tiktoknya rusak kali
Pengguna Google,3,2026-04-06 11:07:28,bagus,0.1250000009788242,0.1250000013901184,0.624999993815306,0.1250000038157514,Topik 2,Positif,Positif,bagus
Pengguna Google,5,2026-04-06 11:06:06,adalah pokoknya,0.083864150362612,0.0833334188250177,0.7489719207814999,0.0838305100308703,Topik 2,Netral,Positif,pokok
Pengguna Google,1,2026-04-06 11:03:14,Fiturnya dibuat konten yang ada pdanya kalau tau dia seorang janda yang berlari menjemput delima yang busuk.aminn,0.5396963797301123,0.0134799260606694,0.433417103701704,0.0134065905075143,Topik 0,Netral,Positif,fiturnya konten pdanya janda lari jemput delima busuk amin
Pengguna Google,1,2026-04-06 11:00:35,sarang monyt,0.3995432006983974,0.0833419131187957,0.0833607075514715,0.4337541786313353,Topik 3,Netral,Positif,sarang monyt
Pengguna Google,5,2026-04-06 11:00:16,menarik,0.1250000265438621,0.125000015589935,0.6249998569333151,0.1250001009328879,Topik 2,Netral,Positif,tarik
Pengguna Google,5,2026-04-06 10:57:28,aplikasi dengan algoritma terbaik,0.269766031337761,0.0505097981350638,0.4411233907794041,0.238600779747771,Topik 2,Positif,Positif,aplikasi algoritma baik
Pengguna Google,5,2026-04-06 10:57:17,Lodingnya lama banget,0.0627478962247055,0.8022465215398173,0.0704496589261247,0.0645559233093524,Topik 1,Netral,Positif,lodingnya
Pengguna Google,1,2026-04-06 10:56:41,tiktok nya ngak jelas,0.0545506507199098,0.8439474930501553,0.0512661877444687,0.0502356684854662,Topik 1,Netral,Positif,tiktok nya
Pengguna Google,5,2026-04-06 10:55:00,coo,0.128264750731645,0.6216634087841854,0.1250137002606167,0.1250581402235528,Topik 1,Netral,Positif,coo
Pengguna Google,5,2026-04-06 10:53:44,ok mntaap,0.0833361965076796,0.0833350799251928,0.0833404893128183,0.7499882342543092,Topik 3,Netral,Positif,mntaap
Pengguna Google,5,2026-04-06 10:52:36,nisa,0.1250218942791137,0.1354928218575626,0.1250382804172999,0.6144470034460237,Topik 3,Netral,Positif,nisa
Pengguna Google,1,2026-04-06 10:52:16,admin tiktok kenapa itu akun ku di cekal dulu aku salah apa yah padahal aku berharap suatu saat nnti aku bisa nonton tiktok selamanya ternyata akun ku dicekal emangnya aku salah apa yah btw maap ya admin udah rasis sekarang ini pesan 3 kali lagi sekarang saya mau akun ku di kembali ya saya harus nunggu beberapa hari lagi sih hahha capek lana²,0.5155631859157473,0.4763795698127273,0.0040700101908613,0.0039872340806639,Topik 0,Positif,Positif,admin tiktok akun cekal salah yah harap nonton tiktok akun cekal emang salah yah omong maaf admin ras pesan kali akun nunggu hahha kesal lana
Pengguna Google,5,2026-04-06 10:51:53,enak banget buat scroll,0.0506704820211145,0.0527855905351413,0.8459503003816586,0.0505936270620855,Topik 2,Netral,Positif,enak gulir
Pengguna Google,4,2026-04-06 10:51:12,kurang tau cara nge add temen,0.5626796045028107,0.2166164576231209,0.0414915979127304,0.1792123399613377,Topik 0,Netral,Positif,nge add teman
Pengguna Google,4,2026-04-06 10:50:59,Semoga applikasimya jgn lemot,0.0536126946780892,0.4757339577954008,0.224195051608259,0.2464582959182508,Topik 1,Negatif,Negatif,moga applikasimya lambat
Pengguna Google,5,2026-04-06 10:49:38,Aku suka,0.0860719825431189,0.0863001165743841,0.7437510671180818,0.083876833764415,Topik 2,Positif,Positif,suka
Pengguna Google,5,2026-04-06 10:48:22,apiking nya mantap,0.0632995669916302,0.0645302549262852,0.8096158209559597,0.0625543571261247,Topik 2,Positif,Positif,apiking nya mantap
Pengguna Google,1,2026-04-06 10:46:03,"gjls banget co,yakali Setelah Update sound nya malah kadang-kadang double mana kgk bisa di berhenti in lagi,harus buka ulang tiktok nya,aneh emang tiktok",0.0093152860354976,0.9725031311085572,0.0091089851935966,0.0090725976623486,Topik 1,Positif,Negatif,gjls yakali update sound nya kadang kadang double kgk henti buka ulang tiktok nya aneh tiktok
Pengguna Google,2,2026-04-06 10:45:45,kenapah sayah GK ada fidioyah,0.8714517962461438,0.0444795491553315,0.0423386621069123,0.0417299924916122,Topik 0,Netral,Positif,kenapah sayah fidioyah
Pengguna Google,2,2026-04-06 10:45:30,"GASUKA IHHHHHH, kenapasih kalo fotonya di draft terus mau di save malah gaada option save nya? yaudah deh di post tapikan jadi lupa buat nge save, jadi kehapus trus hilang deh. BISA DI UBAH GASI??? GASUKA BANGET IH SEMUA FOTONYA ILANG",0.4187451235880113,0.5086735479380992,0.0061551560498832,0.0664261724240063,Topik 1,Positif,Positif,gasuka kenapasih foto draft save tidak ada option save nya yasudah deh post tapi lupa nge save hapus hilang deh ubah gasuka foto hilang
Pengguna Google,5,2026-04-06 10:45:27,kenapa sih kalo ke tiktok itu lama banget ya udah aku kasih rating lima saja lah,0.3191008963673829,0.6492211880490484,0.0165585955489312,0.0151193200346374,Topik 1,Netral,Positif,tiktok kasih rating
Pengguna Google,1,2026-04-06 10:44:44,aplikasi tolol perketat terkait penjual barang beberapa kali datang pesenan barang ke rumah tanpa ada yg pesen,0.9566766565196764,0.0146463022918602,0.0147413196281066,0.0139357215603568,Topik 0,Netral,Negatif,aplikasi bodoh ketat kait jual barang kali sen barang rumah sen
Pengguna Google,5,2026-04-06 10:42:22,waw,0.1250006747518713,0.125000404981119,0.6249960209810258,0.1250028992859839,Topik 2,Netral,Positif,waw
Pengguna Google,4,2026-04-06 10:41:42,nge lag,0.0833333544194163,0.7499976766072741,0.0833333727981082,0.0833355961752013,Topik 1,Netral,Negatif,nge lambat
Pengguna Google,4,2026-04-06 10:41:13,puas dgn splikasi ini,0.0509724682112365,0.0507574721730039,0.6471965868173267,0.2510734727984327,Topik 2,Positif,Positif,puas splikasi
Pengguna Google,5,2026-04-06 10:41:06,keren,0.1250000117811822,0.1250000069715059,0.6249999339844089,0.125000047262903,Topik 2,Positif,Positif,keren
Pengguna Google,4,2026-04-06 10:39:40,Yyy i e p pop 0 km n,0.0663378590827259,0.063393934175579,0.8019112099963771,0.068356996745318,Topik 2,Netral,Positif,iya pop
Pengguna Google,5,2026-04-06 10:39:24,kurasa tiktok ini baik cuma aga ngelag padahal memori hp saya tinggi tapi tetap ngelag,0.0169267436858439,0.817465944376165,0.1498397672758606,0.0157675446621304,Topik 1,Negatif,Negatif,rasa tiktok aga lambat ingat lambat
Pengguna Google,5,2026-04-06 10:38:55,seruuu gituu,0.0833341865854471,0.3562303563422065,0.0857475121534349,0.4746879449189113,Topik 3,Netral,Positif,seru gitu
Pengguna Google,5,2026-04-06 10:38:52,kalo gabut tinggal nonton,0.0518975895091797,0.2832152318036506,0.6147666398707737,0.0501205388163958,Topik 2,Netral,Positif,gabut tinggal nonton
Pengguna Google,1,2026-04-06 10:37:40,sarang monyet,0.0833333542608794,0.0833333447868599,0.0833333697156091,0.7499999312366514,Topik 3,Netral,Positif,sarang monyet
Pengguna Google,1,2026-04-06 10:36:53,setelah di update malah gak bisa dibuka aplikasi tiktok nya,0.0234515682133747,0.930203045561364,0.0235719419610696,0.0227734442641916,Topik 1,Positif,Positif,update buka aplikasi tiktok nya
Pengguna Google,1,2026-04-06 10:36:26,"sering muncul iklan popup, sangat mengganggu, udah gitu lama lagi munculnya, ya sudah UNINSTALL aja lah",0.0153851547158739,0.8881861138767224,0.0809826207218414,0.0154461106855621,Topik 1,Netral,Negatif,muncul iklan popup ganggu gitu muncul uninstall
Pengguna Google,1,2026-04-06 10:35:59,isinya gobl9,0.4194252364547309,0.0833703349501061,0.4123349728454102,0.0848694557497527,Topik 0,Netral,Positif,isi gobl
Pengguna Google,5,2026-04-06 10:35:50,bagus,0.1250000009788242,0.1250000013901184,0.624999993815306,0.1250000038157514,Topik 2,Positif,Positif,bagus
Pengguna Google,5,2026-04-06 10:31:36,"sukakkkk bangetttttt,,krna bsa nemenin kl lg gabt",0.0280520308443226,0.4642331239486334,0.1295381829712333,0.3781766622358105,Topik 1,Positif,Positif,sukak bsa nemenin gabt
Pengguna Google,5,2026-04-06 10:30:50,ini aplikasi bguss bgtttt,0.0502242096930832,0.0506460318812098,0.848266477935363,0.0508632804903439,Topik 2,Netral,Positif,aplikasi bguss
Pengguna Google,1,2026-04-06 10:29:08,Asalamualaikum ini aplikasinya ga bagus ingat jangan di download urang yang bilang ini bagus itu suapan,0.3785346472182722,0.1552082834216456,0.4515453170757252,0.0147117522843569,Topik 2,Positif,Positif,asalamualaikum aplikasi bagus unduh urang bagus suap
Pengguna Google,1,2026-04-06 10:27:40,banyak iklan judol,0.0654326271285863,0.0650921596186955,0.3142300138591241,0.555245199393594,Topik 3,Netral,Negatif,iklan judol
Pengguna Google,5,2026-04-06 10:27:09,aplikasi ini sangat cocok untuk yang gabut,0.0318797251480962,0.0315264505669531,0.9052402648785752,0.0313535594063753,Topik 2,Netral,Positif,aplikasi cocok gabut
Pengguna Google,1,2026-04-06 10:27:05,"kok gada buat chatan nya sih, trus kan aku udh download video ofline tapi masih gabisa di tonton video ofline nya, gajelas ihh lemottt lemott lemott",0.1906663007328986,0.6134669374070345,0.1864017726196539,0.0094649892404129,Topik 1,Netral,Negatif,tidak ada chatan nya unduh video luring tidak bisa tonton video luring nya gajelas ihh lambat lemott lemott
Pengguna Google,3,2026-04-06 10:26:59,lemot,0.125000031854882,0.6249985966518352,0.1250012235753357,0.125000147917947,Topik 1,Negatif,Negatif,lambat
Pengguna Google,5,2026-04-06 10:26:43,seru,0.1250000030907642,0.1250000018776363,0.1250094158692616,0.6249905791623377,Topik 3,Netral,Positif,seru
Pengguna Google,3,2026-04-06 10:26:31,kenapa kadang kolom komentar tidak dapat dimuat? padahal tidak ada kendala pada jaringan dan saat membuka aplikasi lain lancar-lancar saja,0.56602326572484,0.4104999191480466,0.0118805535394818,0.0115962615876314,Topik 0,Netral,Positif,kadang kolom komentar muat kendala jaring buka aplikasi lancar lancar
Pengguna Google,5,2026-04-06 10:26:26,Suka,0.1250034052920836,0.1288096850598769,0.620968541654658,0.1252183679933815,Topik 2,Positif,Positif,suka
Pengguna Google,5,2026-04-06 10:25:42,"tolong perbaiki bug live dan komentar, saat video di bawah sedang live, itu video di atasnya kepotong sama live nya se penggal, dan beberapa komentar itu tidak kelihatan saat saat kita mengirimnya, seperti setengah nya saja (bagian awal dan akhir) yang bisa kelihatan, semoga lebih baik lagi",0.7379892945945581,0.1819400716298568,0.0748461576911705,0.0052244760844144,Topik 0,Negatif,Negatif,tolong baik error live komentar video live video atas potong live nya penggal komentar kirim nya moga
Pengguna Google,2,2026-04-06 10:25:38,lemot banget,0.0837125908763651,0.5964187188152311,0.2332729629560378,0.086595727352366,Topik 1,Negatif,Negatif,lambat
Pengguna Google,1,2026-04-06 10:23:48,lemot padahal sinyal bagus .memo masih banyak tapi GK bisa di buka ampasss,0.0184687298483364,0.8481482993467492,0.115504572964562,0.0178783978403521,Topik 1,Positif,Positif,lambat jaring bagus memo buka ampas
Pengguna Google,5,2026-04-06 10:23:13,gokil,0.1250015967396886,0.1250009350145072,0.6249917655274743,0.1250057027183299,Topik 2,Netral,Positif,gokil
Pengguna Google,1,2026-04-06 10:23:06,aplikasi e kakean maleh lemot itelll,0.0418157222037188,0.4239379851783943,0.3198088706263433,0.2144374219915432,Topik 1,Negatif,Negatif,aplikasi kakean maleh lambat itel
Pengguna Google,1,2026-04-06 10:20:50,masih aja nggak bisa discrool nanti bisa nanti nggak bisa,0.023790338875029,0.9305218954095784,0.0229484480827737,0.0227393176326188,Topik 1,Positif,Positif,discrool
Pengguna Google,2,2026-04-06 10:16:04,"Halow, aku sebenernya bisa kasih 5 karena menurutku tiktok tayangannya cukup aktual, tetapi untuk penangguhan live tiktok sepertinya perlu adanya evaluasi, karena aku udah dewasa sudah berkepala 2 tpi kena pelanggaran dibawah usia 18 tahun tidak boleh live, mohon untuk balasannya dari pihak tiktok agar aku paham maksudnya, btw aku juga sudah ajukan banding dan kasih bukti ktp ttp ditolak, trims",0.8716144096257865,0.0043391471522657,0.1198616824450256,0.004184760776922,Topik 0,Positif,Positif,halow sebenernya kasih turut tiktok tayang aktual tangguh live tiktok evaluasi dewasa kepala kena langgar bawah usia live mohon balas tiktok paham maksud omong aju banding kasih bukti ktp tolak trims
Pengguna Google,1,2026-04-06 10:14:58,aplikasi error mau buka tiktok aja gk bisa,0.0284980896341319,0.914717972754598,0.0289262579003119,0.0278576797109582,Topik 1,Netral,Positif,aplikasi ganggu buka tiktok
Pengguna Google,1,2026-04-06 10:11:12,selalu terblokir,0.7395803642554806,0.0920080985531296,0.0850776700289834,0.0833338671624062,Topik 0,Netral,Positif,blokir
Pengguna Google,5,2026-04-06 10:10:54,BAGUSSSSSSSSS DANNN TIDAKKK LAGG ATAUUU APAA GITUUU POKOKNYA BAGUSSS DEHHHH,0.1489853539269715,0.2273725955504328,0.2104989284240918,0.4131431220985036,Topik 3,Positif,Positif,bagus lagg gitu pokok bagus deh
Pengguna Google,1,2026-04-06 10:06:58,"payah app nya ga kek dulu, walaupun ga login masih bisa lihat komen berapa banyakpun balasan, sekarang di batasin harus login, males klo lagi cuma mau tengok aja tanpa login, kecuali kalau mau belanja",0.2932178166633692,0.6922376157497286,0.0072960760536482,0.0072484915332537,Topik 1,Positif,Positif,payah aplikasi nya masuk lihat komen banyak balas batasin masuk malas tengok masuk kecuali belanja
Pengguna Google,5,2026-04-06 10:06:12,enak bagus,0.0833532645913563,0.0838440459350239,0.7494366686962505,0.0833660207773692,Topik 2,Positif,Positif,enak bagus
Pengguna Google,5,2026-04-06 10:05:57,seru aja,0.0867054274853234,0.4122310834955539,0.0837514608282269,0.4173120281908957,Topik 3,Netral,Positif,seru
Pengguna Google,5,2026-04-06 10:05:01,Banyak inspirasi d tiktok,0.0651602647379271,0.0654469255210003,0.8062798141613438,0.0631129955797286,Topik 2,Netral,Positif,inspirasi tiktok
Pengguna Google,5,2026-04-06 10:03:52,bagus,0.1250000009788242,0.1250000013901184,0.624999993815306,0.1250000038157514,Topik 2,Positif,Positif,bagus
Pengguna Google,5,2026-04-06 10:01:43,bagusss,0.1250000176363626,0.125000010742808,0.1250000355081519,0.6249999361126772,Topik 3,Positif,Positif,bagus
Pengguna Google,5,2026-04-06 10:00:44,"bisa² nya ada yang ret 1, menurut ku bagus, tapi aku conten creator pemula trus kena sb gk tau kenapa😭",0.6737653832207654,0.0929340912973798,0.1741213123321645,0.0591792131496903,Topik 0,Positif,Positif,bisa nya ret bagus conten creator mula kena
Pengguna Google,1,2026-04-06 09:59:18,"kaga bisa bikin video jelek bgt ,bisanya foto doang,+ ngelek trus lagi padahal di aplikasi lain kaga ngelek,kecewa bgt",0.166174319916811,0.8093952728623721,0.0124008121781946,0.0120295950426222,Topik 1,Negatif,Negatif,video jelek bisa foto doang ngelek aplikasi ngelek kecewa
Pengguna Google,5,2026-04-06 09:59:15,aplikasi sarang monyet,0.0629210708396403,0.0640457492526433,0.3078296393004829,0.5652035406072334,Topik 3,Netral,Positif,aplikasi sarang monyet
Pengguna Google,5,2026-04-06 09:58:43,mantap sob,0.4033124593049217,0.0833392699470052,0.4299739427651537,0.0833743279829194,Topik 2,Positif,Positif,mantap teman
Pengguna Google,5,2026-04-06 09:58:17,aku dapat 1000000 Rp bagus banget 🤑,0.1806251180678333,0.0280449619143009,0.5176066283309578,0.2737232916869079,Topik 2,Positif,Positif,bagus
Pengguna Google,2,2026-04-06 09:55:19,"yth, pengembang tiktok, apk saat di buka terasa berat delay, padahal jaringan full semoga bisa di perbaiki lagih agar lancar normal saat skrol video tidak berat dan delay, bintang dua dulu,dan saat instal ulang tidak bisa berpungsi di hp redmi 6a😵",0.0060749268106354,0.9422528715382558,0.0059643424405257,0.0457078592105829,Topik 1,Netral,Negatif,yth kembang tiktok apk buka berat delay jaring penuh moga baik lagih lancar normal skrol video berat delay bintang instal ulang pungsi redmi
Pengguna Google,5,2026-04-06 09:55:09,udah bisa on mic wei,0.5368261284910122,0.0458370386914658,0.0424176731145897,0.3749191597029321,Topik 0,Positif,Positif,nyala mic wei
Pengguna Google,5,2026-04-06 09:54:24,"baru nyoba KLO bagus di tmbah lagi bintangnya, sekarang udah d pake ternyata bagus dn membantu",0.0160275462395112,0.7421578757367252,0.2261883746695991,0.0156262033541643,Topik 1,Positif,Positif,nyoba bagus tmbah bintang pakai bagus bantu
Pengguna Google,5,2026-04-06 09:54:24,bagus bgt,0.0835936125657042,0.0859641300007424,0.7456315344941798,0.0848107229393735,Topik 2,Positif,Positif,bagus
Pengguna Google,1,2026-04-06 09:52:50,"aplikasi ny bagussss, keren, dan bisa menjadi tempat edukasi dan jika di gunakan dengan cara yg benar ini bisa bermanfaat",0.3299725800370902,0.0125769516786652,0.6203144987643201,0.0371359695199246,Topik 2,Positif,Positif,aplikasi nya bagus keren edukasi manfaat
Pengguna Google,1,2026-04-06 09:52:49,"jadi males belanja di tiktok, kerja samanya sama JNT pengiriman gagal terus bukan sekali dua kali sering, sekali nya ada keterangan paket telah terkirim barang nya gak ada, maaf tik top apk nya saya uninstall, otw balik ke shopee, selalu bikin puas",0.5846845321374131,0.3754552197124034,0.0062256903363095,0.033634557813874,Topik 0,Netral,Negatif,malas belanja tiktok kerja sama jnt kirim gagal kali nya terang paket kirim barang nya maaf tik top apk nya uninstall otw shopee puas
Pengguna Google,5,2026-04-06 09:51:14,Mantap,0.1250000060051261,0.1250000035252076,0.6249999674151272,0.1250000230545389,Topik 2,Positif,Positif,mantap
Pengguna Google,1,2026-04-06 09:49:22,knp tolikto dibatasi usia,0.6483715777803628,0.0570383717170627,0.0500356601448664,0.244554390357708,Topik 0,Netral,Positif,tolikto batas usia
Pengguna Google,1,2026-04-06 09:49:08,apk gajelas ini gua udh ada internet nya tapi gabisa liat komentar sama postingan ulang sama vidio yg disukai,0.536198230971883,0.4381208216339769,0.0131451296172204,0.0125358177769197,Topik 0,Positif,Positif,apk gajelas internet nya tidak bisa lihat komentar postingan ulang vidio suka
Pengguna Google,4,2026-04-06 09:48:55,"sangat bagus, tapi maaf kenapa saya tidak bisa melihat orang yang sedang online🙏",0.4601527234498293,0.0162411365192718,0.5078748744884655,0.0157312655424334,Topik 2,Positif,Positif,bagus maaf orang daring
Pengguna Google,1,2026-04-06 09:47:28,"jangan beli disini saya retur barang cacat ga bisa dipakek harga 1,5 jt ga bisa alesan gara"" penjual nolak pengembaliaan barang berarti kita sebagai custumer harus nerima barang cacatnya bisa jadi dari tokonya yg nakal atau expedisinya",0.8977568469900346,0.0885346681951352,0.0069020528833403,0.0068064319314899,Topik 0,Positif,Positif,beli retur barang cacat dipakek harga alas gara jual nolak pengembaliaan barang custumer nerima barang cacat toko nakal expedisinya
Pengguna Google,5,2026-04-06 09:45:12,karena aplikasi. ini sangat bagus,0.0423219523941053,0.0422706649591942,0.8734822029984274,0.041925179648273,Topik 2,Positif,Positif,aplikasi bagus
Pengguna Google,1,2026-04-06 09:42:03,"vid porno jangan dibiarin dong, ban",0.8914773842668541,0.0370783715337089,0.0357145740016004,0.0357296701978363,Topik 0,Netral,Negatif,vid porno dibiarin ban
Pengguna Google,2,2026-04-06 09:41:42,"makin hari makin berat aneh ini tiktok, kaya virusan, hp panas kaya mining btc aja dongo",0.0978528061741239,0.8724089115873833,0.0148861306674474,0.0148521515710452,Topik 1,Negatif,Negatif,berat aneh tiktok virus panas mining btc dongo
Pengguna Google,5,2026-04-06 09:40:26,Bien,0.1250407891170499,0.1250287269780995,0.624700349867124,0.1252301340377266,Topik 2,Netral,Negatif,bien
Pengguna Google,3,2026-04-06 09:39:59,servernya lelet. suka lag klo mutar video atau open photo.. padahan pake wifi rumahan tetep suka lag..,0.015478135825184,0.7823462090289032,0.0145611079886016,0.1876145471573114,Topik 1,Positif,Positif,servernya lambat suka lambat mutar video buka foto padah pakai wifi rumah suka lambat
Pengguna Google,1,2026-04-06 09:38:48,"kenapa ini aplikasi tiktoknya mau belanja udah 3 bulan gk ada vouche grstis ongkir ,makin gak jelas",0.2840887565484565,0.6858267683589631,0.0153445115684132,0.0147399635241672,Topik 1,Netral,Positif,aplikasi tiktoknya belanja vouche grstis ongkir
Pengguna Google,5,2026-04-06 09:38:45,karna suka bikin vidio walau pun lama loding nya😃😃,0.0166531473774882,0.3828948417450029,0.2002381865577477,0.4002138243197611,Topik 3,Positif,Positif,suka vidio loding nya
Pengguna Google,1,2026-04-06 09:37:46,saya tidak suka tampilan profil yang sekarang,0.7556802594034546,0.0345992994533032,0.17842583383619,0.0312946073070521,Topik 0,Positif,Positif,suka tampil profil
Pengguna Google,5,2026-04-06 09:37:24,BAGUSSS bgtt,0.0833344707780268,0.0843062753898893,0.0894179452789367,0.742941308553147,Topik 3,Positif,Positif,bagus
Pengguna Google,5,2026-04-06 09:36:23,sangat bagus,0.08333333426591,0.083333334116811,0.7489177344334214,0.0844155971838575,Topik 2,Positif,Positif,bagus
Pengguna Google,1,2026-04-06 09:33:51,tiktok rusak jangan di install,0.0453447657686607,0.8707818315474577,0.0420466765379478,0.0418267261459337,Topik 1,Netral,Negatif,tiktok rusak install
Pengguna Google,5,2026-04-06 09:33:34,bagus 👍,0.6498619320311144,0.0501378733066215,0.2500001833927758,0.0500000112694881,Topik 0,Positif,Positif,bagus
Pengguna Google,5,2026-04-06 09:33:09,syavia putri ramandani,0.8040487186197368,0.0625232952718616,0.0625733258575793,0.0708546602508221,Topik 0,Netral,Positif,syavia putri ramandani
Pengguna Google,4,2026-04-06 09:31:08,knp y di hp aku g bs di buka g bs daftar padahal udah ku masukin akun ku ttp g bisa ada y bisa jelasin 😭😭🙏,0.4634521461194695,0.3703445451454446,0.0839769806403305,0.0822263280947553,Topik 0,Positif,Positif,iya buka daftar masukin akun iya jelasin
Pengguna Google,5,2026-04-06 09:30:34,Rumah dijual di pos BSK 1 pak M harun gantikan pak mitra Kukar vs Manchester city vs Manchester city vs Tottenham Hotspur FC Barcelona Indonesia miskin Nona ya yadong di depan warung yang memiliki nama yang sama tuli konduktif di dalam porsinya cukup besar untuk itu yg bikin ngakak ane gan bajb aku tak tahu harus berbuat apalagi jika make me cry cry for di dalam porsinya cukup besar untuk menggantikan posisi iPhone 5s masuk Indonesia miskin Nona y 328a rumah dijual di,0.4894586440889807,0.0837215234986577,0.3421347363299238,0.0846850960824376,Topik 0,Netral,Positif,rumah jual pos besok harun ganti mitra kukar manchester city manchester city tottenham hotspur barcelona indonesia miskin nona yadong warung milik nama tuli konduktif porsi ngakak ane gan bajb buat cry cry porsi ganti posisi iphone masuk indonesia miskin nona iya rumah jual
Pengguna Google,5,2026-04-06 09:30:26,cara vn gimana oy,0.846593172505961,0.0516042134235936,0.0500048802920248,0.0517977337784204,Topik 0,Netral,Positif,gimana
Pengguna Google,5,2026-04-06 09:30:21,"Kenapa ga bisa ganti email, tambah no telpon sekarang? sinyal udah ok tapi masih ga bisa ganti.",0.5165311472578311,0.3889012699887038,0.014122043393287,0.0804455393601782,Topik 0,Positif,Positif,ganti email telpon jaring ganti
Pengguna Google,4,2026-04-06 09:30:18,lemot,0.125000031854882,0.6249985966518352,0.1250012235753357,0.125000147917947,Topik 1,Negatif,Negatif,lambat
Pengguna Google,1,2026-04-06 09:29:38,"apk gajelas masa akun saya di blokir tiba-tiba padahal ga melakukan pelanggaran, mana bikin akun baru lagi gabisa sama sekali (akun telah ditangguhkan sementara)",0.7992933710036579,0.180930744167465,0.0101371820447804,0.0096387027840965,Topik 0,Positif,Positif,apk gajelas akun blokir langgar akun tidak bisa akun tangguh
Pengguna Google,3,2026-04-06 09:28:49,"gendala, toko tiktok kok hilang sendri kan anaeh",0.4394105430144719,0.2311169153139912,0.3015941740897619,0.0278783675817749,Topik 0,Netral,Negatif,gendala toko tiktok hilang sendri anaeh
Pengguna Google,2,2026-04-06 09:22:10,"kasih bintang dua dulu,aplikasi nya kenapa sering bung dan lemot pada hal jaringan bangus",0.0167116277865896,0.6071883312851826,0.1521026214464664,0.2239974194817613,Topik 1,Negatif,Negatif,kasih bintang aplikasi nya lambat jaring bangus
Pengguna Google,5,2026-04-06 09:22:06,hallo you aku tidak 🥰😍😘☺️🤩🥳,0.0952164157513113,0.009425529751977,0.0093591996636094,0.8859988548331021,Topik 3,Netral,Positif,halo
Pengguna Google,3,2026-04-06 09:21:34,nge lag,0.0833333544194163,0.7499976766072741,0.0833333727981082,0.0833355961752013,Topik 1,Netral,Negatif,nge lambat
Pengguna Google,5,2026-04-06 09:20:35,sukaaaaaa bangett samaaa aplikasi nyaaaa lopyu,0.0358499985380342,0.0361632891849225,0.36380065257781,0.5641860596992331,Topik 3,Positif,Positif,suka aplikasi nya lopyu
Pengguna Google,5,2026-04-06 09:19:16,sangat bgus,0.0833333415089392,0.0833333389583096,0.7489176854566786,0.0844156340760724,Topik 2,Netral,Positif,bgus
Pengguna Google,4,2026-04-06 09:19:10,aplikasinya sangat bagus,0.0625000044278034,0.0632922006313769,0.8112136494759448,0.0629941454648747,Topik 2,Positif,Positif,aplikasi bagus
Pengguna Google,1,2026-04-06 09:18:33,di kolom pencarian nya selalu muncul kata² yang kurang pantas,0.9290517510366816,0.024085416772598,0.0241343526634433,0.0227284795272771,Topik 0,Netral,Negatif,kolom cari nya muncul kata
Pengguna Google,5,2026-04-06 09:14:41,aku kasih bintang lima biar senang,0.3082735776431228,0.0393977516746358,0.6049490579605833,0.0473796127216579,Topik 2,Positif,Positif,kasih bintang senang
Pengguna Google,5,2026-04-06 09:12:09,SERUUUUUUUUUUUU BGTTTTTTTTTTT NYAMANNNNNNNNNNN BGTTTTTT POKOK NYAAA SERUUUUUU BGTTTTT🥰🥰🥰🥰🤣,0.1171437646881726,0.0089366310726491,0.0101863288928618,0.8637332753463164,Topik 3,Netral,Positif,seru nyaman pokok nya seru
Pengguna Google,5,2026-04-06 09:11:49,baik sekali mantap,0.0625917134240259,0.062670612196592,0.8122375787984862,0.0625000955808958,Topik 2,Positif,Positif,mantap
Pengguna Google,1,2026-04-06 09:09:53,apa si anj dikit dikit akun kena band,0.9153317567671608,0.0288832548655413,0.0279778445662343,0.0278071438010633,Topik 0,Netral,Negatif,anjing dikit dikit akun kena band
Pengguna Google,5,2026-04-06 09:08:52,aku sukaaa krna bisa Velocity,0.0456151735341212,0.0461930146061775,0.8655570924304301,0.0426347194292711,Topik 2,Positif,Positif,suka velocity
Pengguna Google,3,2026-04-06 09:06:41,"bagus sihh tapii, terkadang masih eror masalah jaringan, padahal jaringan baik coba buat buka youtube, ig, dll lancar tapi giliran tiktok pasti masalah jaringan mulu, kukira karena belum update tapi setelah di update masih tetep begitu aja, sekalinya bisa dibuka PPnya gak muncul padahal liat live bisa",0.1215966120952209,0.7905322480569902,0.0826402623075007,0.0052308775402882,Topik 1,Positif,Positif,bagus sihh terkadang ganggu jaring jaring coba buka youtube dsb lancar gilir tiktok jaring kira update update sekali buka ppnya muncul lihat live
Pengguna Google,3,2026-04-06 09:05:09,"apk nya kadang pas di buka lag lalu keluar dari aplikasinya, benerin ya developer",0.0170223914781702,0.949269011823783,0.0170105170800242,0.0166980796180224,Topik 1,Netral,Negatif,apk nya kadang buka lambat aplikasi benerin developer
Pengguna Google,5,2026-04-06 09:04:52,bagus banget dan gak ngelek,0.043915868739866,0.312797111325258,0.6012517551210554,0.0420352648138203,Topik 2,Positif,Positif,bagus ngelek
Pengguna Google,1,2026-04-06 09:01:51,tida bisa memulihkan akun yang hilang,0.8913456227647586,0.0366596140072209,0.0362773287022174,0.035717434525803,Topik 0,Positif,Positif,tida pulih akun hilang
Pengguna Google,1,2026-04-06 09:01:30,tiktok lemot sekali,0.0641738693149062,0.5462042186765164,0.3266467528425366,0.0629751591660408,Topik 1,Negatif,Negatif,tiktok lambat
Pengguna Google,5,2026-04-06 09:01:27,sempurna.,0.1250004693709781,0.1250002705753433,0.6249976484243611,0.1250016116293173,Topik 2,Netral,Positif,sempurna
Pengguna Google,5,2026-04-06 09:00:35,"apk ny bgus, tiktok tolong kamera tata letak saya gabisa pakai filter",0.4675449274116864,0.3501367508890748,0.1629663845627436,0.0193519371364952,Topik 0,Netral,Positif,apk nya bgus tiktok tolong kamera tata letak tidak bisa pakai filter
Pengguna Google,5,2026-04-06 09:00:13,"habis di update malah makin lemot aja ,,",0.0317948826475063,0.9056821142024044,0.0312678426372249,0.0312551605128643,Topik 1,Negatif,Negatif,habis update lambat
Pengguna Google,2,2026-04-06 08:57:10,"banyak video sensitif yang dilihat anak anak, saran tolong akun yang memosting video sensitif diblok",0.9525669076438998,0.0158447577536129,0.0159445473040078,0.0156437872984794,Topik 0,Negatif,Negatif,video sensitif anak anak saran tolong akun memosting video sensitif blok
Pengguna Google,5,2026-04-06 08:56:55,bagus tiktok nya,0.0651514322443819,0.0675121152544402,0.8042708840508995,0.0630655684502783,Topik 2,Positif,Positif,bagus tiktok nya
Pengguna Google,5,2026-04-06 08:55:46,Aku kasih bintang lima soal nya bagus banget,0.0289792549617707,0.0289360240296122,0.910381215607958,0.0317035054006589,Topik 2,Positif,Positif,kasih bintang nya bagus
Pengguna Google,1,2026-04-06 08:54:02,"update terus, kapan aku bisa dapat koin goodybag/korun terus?😭",0.6292079060279282,0.2618279276359117,0.0182168330898153,0.0907473332463447,Topik 0,Positif,Positif,update koin goodybag korun
Pengguna Google,5,2026-04-06 08:53:18,pengalaman kami telah memahami cuplikan fidio ini terima kasih info n kerjasamanya.👍lanjut 💔🆒,0.6131899410079081,0.0126748411676662,0.2071690645206678,0.1669661533037578,Topik 0,Positif,Positif,alam paham cuplik fidio terima kasih info kerjasamanya
Pengguna Google,1,2026-04-06 08:53:12,terlalu banyak makan memory,0.0532609886539726,0.8400815026663878,0.0553268580883098,0.0513306505913297,Topik 1,Netral,Negatif,makan memory
Pengguna Google,1,2026-04-06 08:51:59,aplikasi ini udah ga asik,0.0437776260981638,0.4921527803756653,0.4223697454657427,0.041699848060428,Topik 1,Netral,Positif,aplikasi asyik
Pengguna Google,4,2026-04-06 08:49:50,karena banyak video yg tidak senonoh,0.8901896391101977,0.0364372852897855,0.0375488096758123,0.0358242659242043,Topik 0,Netral,Positif,video senonoh
Pengguna Google,1,2026-04-06 08:48:28,kok gaada update fitur baru padahal udah di update,0.3169365665896294,0.6330541490898104,0.0250006391794546,0.0250086451411055,Topik 1,Netral,Positif,tidak ada update fitur update
Pengguna Google,1,2026-04-06 08:45:55,jelek mati aja,0.0633563497821309,0.8111753804407416,0.0628772690945511,0.0625910006825763,Topik 1,Negatif,Negatif,jelek mati
Pengguna Google,5,2026-04-06 08:43:34,memuaskan,0.125000029303212,0.1250000175692929,0.1250000655483968,0.6249998875790982,Topik 3,Netral,Positif,muas
Pengguna Google,1,2026-04-06 08:43:21,apk gk guna asal blok akun orang,0.8971132337537211,0.0370925266828759,0.0339018183634765,0.0318924211999265,Topik 0,Netral,Positif,apk blok akun orang
Pengguna Google,5,2026-04-06 08:40:07,good moga bisa fyppppppp,0.0567855334156206,0.055187060131163,0.4416370187013061,0.44639038775191,Topik 3,Positif,Positif,good moga fyp
Pengguna Google,1,2026-04-06 08:40:00,tolong di perbaiki suka ngebug tiba' kmbli sndri tiba' gabisa di buka dll.,0.0184852015433522,0.9449000152368536,0.018751101231192,0.0178636819886018,Topik 1,Netral,Negatif,tolong baik suka ngebug kmbli tidak bisa buka dsb
Pengguna Google,5,2026-04-06 08:39:41,bagus,0.1250000009788242,0.1250000013901184,0.624999993815306,0.1250000038157514,Topik 2,Positif,Positif,bagus
Pengguna Google,1,2026-04-06 08:38:48,mau login akun gak bisa,0.3813723113455344,0.5349683830169388,0.0419888672016023,0.0416704384359244,Topik 1,Positif,Positif,masuk akun
Pengguna Google,5,2026-04-06 08:38:16,bagus,0.1250000009788242,0.1250000013901184,0.624999993815306,0.1250000038157514,Topik 2,Positif,Positif,bagus
Pengguna Google,5,2026-04-06 08:36:04,ini adalah apk terfavorit saya selama ini!,0.0329798386340848,0.0322908088325053,0.9034038391234156,0.0313255134099942,Topik 2,Netral,Positif,apk favorit
Pengguna Google,5,2026-04-06 08:30:46,good,0.6135975253693813,0.1250000212485656,0.1250000709101075,0.1364023824719455,Topik 0,Positif,Positif,good
Pengguna Google,4,2026-04-06 08:29:04,lama banget masuk ke tiktok nya dan loading nya juga lama tapi gppa lah,0.0180120324543314,0.9471707450986848,0.0179583603854758,0.0168588620615078,Topik 1,Netral,Negatif,masuk tiktok nya loading nya gppa
Pengguna Google,5,2026-04-06 08:28:48,bagus,0.1250000009788242,0.1250000013901184,0.624999993815306,0.1250000038157514,Topik 2,Positif,Positif,bagus
Pengguna Google,5,2026-04-06 08:28:47,bagus tapi lebih bagus kalo akun akun nya gak akan dihapus,0.6642416775898315,0.0224532434121867,0.2924627469002658,0.0208423320977158,Topik 0,Positif,Positif,bagus bagus akun akun nya hapus
Pengguna Google,4,2026-04-06 08:26:40,"untuk live game untuk yang nonton lag parah, padahal yang live lancar lancar aja",0.5235221256842605,0.4408909853512336,0.0188801800396821,0.0167067089248236,Topik 0,Negatif,Negatif,live game nonton lambat parah live lancar lancar
Pengguna Google,5,2026-04-06 08:23:28,sukaaaaaaa,0.1250024521306785,0.1250014897229832,0.1250052617890324,0.6249907963573059,Topik 3,Positif,Positif,suka
Pengguna Google,2,2026-04-06 08:23:18,isi nya orang rasis semua gila,0.8899222304950332,0.0370303006595942,0.0370967679846844,0.0359507008606881,Topik 0,Netral,Positif,isi nya orang ras gila
Pengguna Google,1,2026-04-06 08:22:51,buat live pake hp samsung android 16 audio mono dan ngayun sekarang.....males live lagi.....,0.7112653893190358,0.2570488699836935,0.0159873473388742,0.0156983933583964,Topik 0,Netral,Negatif,live pakai samsung android audio mono ngayun malas live
Pengguna Google,5,2026-04-06 08:22:15,bikin bodoh,0.7430310664337544,0.0872643637295595,0.0860378552849473,0.0836667145517385,Topik 0,Netral,Positif,bodoh
Pengguna Google,5,2026-04-06 08:19:46,saya sangat suka,0.0655958760343197,0.063727218015154,0.8076457744546613,0.0630311314958648,Topik 2,Positif,Positif,suka
Pengguna Google,1,2026-04-06 08:19:11,lambat,0.1251044714697929,0.1306873516438421,0.6192070748798832,0.1250011020064817,Topik 2,Netral,Positif,lambat
Pengguna Google,5,2026-04-06 08:18:18,tiktok luar biasa bagus sekali,0.0424325475275658,0.0425714482382795,0.8731162017490511,0.0418798024851034,Topik 2,Positif,Positif,tiktok bagus
Pengguna Google,4,2026-04-06 08:17:39,lumayan,0.1250000269473525,0.1250000163973215,0.6249998529606027,0.1250001036947232,Topik 2,Netral,Positif,lumayan
Pengguna Google,3,2026-04-06 08:15:55,Tiktok lumayan seru tapi akun suka KA band,0.431452004800181,0.028870872544558,0.3951147945901823,0.1445623280650787,Topik 0,Positif,Positif,tiktok lumayan seru akun suka kakak band
Pengguna Google,5,2026-04-06 08:15:00,bagu sekali,0.0835247959693747,0.0836908027960254,0.7494502691803258,0.083334132054274,Topik 2,Netral,Positif,bagu
Pengguna Google,5,2026-04-06 08:14:00,karena apk ini sangat bagus jadi saya reting 5,0.0289857094894696,0.0293175992025993,0.9136875799595324,0.0280091113483983,Topik 2,Positif,Positif,apk bagus reting
Pengguna Google,5,2026-04-06 08:12:35,Sangat bagus dan baik,0.0502266558632256,0.0502166939335081,0.8491516172790056,0.0504050329242606,Topik 2,Positif,Positif,bagus
Pengguna Google,5,2026-04-06 08:11:20,aku kasih bintang lima ya karena bagus aja kaya menarik gitu,0.0219302591224482,0.425077929873119,0.5300444590545456,0.0229473519498871,Topik 2,Positif,Positif,kasih bintang bagus tarik gitu
Pengguna Google,5,2026-04-06 08:10:56,bagus,0.1250000009788242,0.1250000013901184,0.624999993815306,0.1250000038157514,Topik 2,Positif,Positif,bagus
Pengguna Google,5,2026-04-06 08:09:34,bagus,0.1250000009788242,0.1250000013901184,0.624999993815306,0.1250000038157514,Topik 2,Positif,Positif,bagus
Pengguna Google,5,2026-04-06 08:09:18,serru,0.1250035189231191,0.1250020983387377,0.1250076622126224,0.6249867205255206,Topik 3,Netral,Positif,serru
Pengguna Google,5,2026-04-06 08:01:09,seru,0.1250000030907642,0.1250000018776363,0.1250094158692616,0.6249905791623377,Topik 3,Netral,Positif,seru
Pengguna Google,5,2026-04-06 08:00:16,kenapa eror tolong di perbaiki loding lama baru mau edit eeeh udah ada notifikasi tutup aplikasi gimana ni,0.1344545967207039,0.8390301248105755,0.0133341214211467,0.0131811570475737,Topik 1,Negatif,Negatif,ganggu tolong baik loding edit notifikasi tutup aplikasi gimana
Pengguna Google,1,2026-04-06 07:59:21,menginstalnya lama banget,0.0627477779478805,0.8022876320044937,0.0704094346218634,0.0645551554257623,Topik 1,Netral,Positif,menginstalnya
Pengguna Google,1,2026-04-06 07:57:28,kala disitu ada salah ku...,0.6993640855849017,0.0425084900712136,0.2164219578428645,0.0417054665010201,Topik 0,Netral,Positif,situ salah
Pengguna Google,5,2026-04-06 07:53:31,jendral darah merah jendral,0.2772719062320977,0.0528364657728279,0.0570310482150294,0.6128605797800449,Topik 3,Netral,Positif,jendral darah merah jendral
Pengguna Google,1,2026-04-06 07:52:32,"sangat buruk, salah sedikit kena pelanggaran, sangat kecewa",0.5434441727772313,0.0281719976333173,0.3997956197203711,0.0285882098690801,Topik 0,Negatif,Negatif,buruk salah kena langgar kecewa
Pengguna Google,5,2026-04-06 07:52:04,akun aku rein pliss l0velyy.elly plss,0.2999765527429285,0.6364438144845292,0.0317963518053872,0.0317832809671551,Topik 1,Netral,Positif,akun rein tolong lvelyy elly plss
Pengguna Google,3,2026-04-06 07:50:52,"udah 2 hari ini saya tidak pernah dapat gratis ongkir, meskipun belanja di atas 50rb",0.8368309742378992,0.1291040275055961,0.0173953901366433,0.0166696081198612,Topik 0,Netral,Positif,gratis ongkir belanja
Pengguna Google,4,2026-04-06 07:50:11,lama banget padahal udah pakai wifi lancar aja,0.0287809263536124,0.9143526125992578,0.0287836455090861,0.0280828155380436,Topik 1,Netral,Positif,pakai wifi lancar
Pengguna Google,3,2026-04-06 07:46:36,aplikasinya sih bagus tapi masa akun aku semuanya ditanguhkan semua padahal aku udah umur 20 tahun,0.7626278010448229,0.0156466199052448,0.2069950292839985,0.0147305497659336,Topik 0,Positif,Positif,aplikasi bagus akun ditanguhkan umur
Pengguna Google,4,2026-04-06 07:46:23,Kenapa untuk update Tanggal lahir tidak bisa untuk foto KTP,0.7971840684926689,0.1560129522293903,0.0240564893552695,0.0227464899226711,Topik 0,Positif,Positif,update tanggal lahir foto ktp
Pengguna Google,3,2026-04-06 07:46:05,kenapa aku beri bintang lima ya karna aplikasi tiktok tidak adil kenapa semua orang ada logo foto live sedang kan saya gak adaa berikan lah logo foto live di HP vivo y04s tiktokk,0.775971532615597,0.208450518677892,0.0078530047995147,0.0077249439069961,Topik 0,Netral,Positif,bintang aplikasi tiktok adil orang logo foto live adaa logo foto live vivo tiktokk
Pengguna Google,1,2026-04-06 07:45:54,"A bug often occurs when I search and click on a video, the sound is double and never goes away before relogging, please fix it",0.011337403843159,0.0854619363725284,0.0110302027085849,0.8921704570757275,Topik 3,Negatif,Negatif,error often occurs when search click nyala video sound double never goes before relogging tolong
Pengguna Google,4,2026-04-06 07:44:23,bagus tapi adalah pokokny,0.0508592396679173,0.0506069636673599,0.8449985018558961,0.0535352948088267,Topik 2,Positif,Positif,bagus pokokny
Pengguna Google,5,2026-04-06 07:43:57,bagus banget,0.0834723380792945,0.0841019662894584,0.7480022152567288,0.0844234803745181,Topik 2,Positif,Positif,bagus
Pengguna Google,2,2026-04-06 07:43:34,"anj,akun saya tiba² jadi akun promosi konten 18+,dan juga ada ngontrol akun saya,apakah ini kebocoran data?",0.9611572214726428,0.0131324117297856,0.0131704257294775,0.0125399410680936,Topik 0,Netral,Positif,anjing akun tiba akun promosi konten ngontrol akun bocor data
Pengguna Google,3,2026-04-06 07:42:19,warga warga nya bloon walaupun ga semua,0.9021904485011863,0.0334443383124419,0.032847061344974,0.0315181518413976,Topik 0,Netral,Positif,warga warga nya bloon
Pengguna Google,5,2026-04-06 07:41:56,sangat cocok untuk saya,0.0520674041825862,0.0504427482115649,0.8472007584907244,0.0502890891151243,Topik 2,Netral,Positif,cocok
Pengguna Google,5,2026-04-06 07:38:28,ehhh izinnn vn nya doooong,0.4275470357432817,0.0463499087445183,0.4842787145302352,0.0418243409819646,Topik 2,Netral,Positif,izin nya
Pengguna Google,1,2026-04-06 07:37:15,abis di download ngestak,0.0505317140205362,0.8494678873718167,0.0500001536716548,0.0500002449359923,Topik 1,Netral,Positif,habis unduh ngestak
Pengguna Google,5,2026-04-06 07:36:44,akun gw ke ban permaen bejir amat,0.7795612924926238,0.0317605186831944,0.0314756222808618,0.1572025665433199,Topik 0,Netral,Negatif,akun ban permaen bejir
Pengguna Google,1,2026-04-06 07:36:22,ya mntap,0.0860051765946724,0.4110016905713491,0.0848643387199196,0.4181287941140588,Topik 3,Netral,Positif,mntap
Pengguna Google,3,2026-04-06 07:36:10,susah banget buat login akun/bikin akun baru,0.4290051085525573,0.5120440519109304,0.0306369473608756,0.0283138921756365,Topik 1,Negatif,Negatif,susah masuk akun akun
Pengguna Google,3,2026-04-06 07:35:08,bisa cari pasangan tapi gabisa vc,0.0391891561623292,0.2643961693010066,0.6604298461070113,0.0359848284296527,Topik 2,Positif,Positif,cari pasang tidak bisa
Pengguna Google,5,2026-04-06 07:35:00,aplikasi nya bagus banget bisa dapet temennn dan paling gongg bisa bikin streak sama samaaa suka sihhh walau kadang juga ngelag sihh tapi nggak papaaa tetep aku kasih bintang limaaa karna bagus bangett makasihh yaaa udahh nyiptain aplikasinyaaaa,0.0390593990323822,0.2208438707171444,0.7333111476658192,0.0067855825846542,Topik 2,Positif,Positif,aplikasi nya bagus teman gongg streak suka kadang lambat sihh papa kasih bintang bagus makasihh udahh nyiptain aplikasi
Pengguna Google,3,2026-04-06 07:34:08,efek untuk ngedit nya kurang cukup,0.0384222027019933,0.0370440474580201,0.8887823943735345,0.0357513554664519,Topik 2,Netral,Positif,efek ngedit nya
Pengguna Google,5,2026-04-06 07:33:47,sungguh luar biasa,0.0629655577948156,0.0627025944116333,0.5618778127520528,0.3124540350414982,Topik 2,Netral,Positif,sungguh
Pengguna Google,5,2026-04-06 07:33:45,bagus,0.1250000009788242,0.1250000013901184,0.624999993815306,0.1250000038157514,Topik 2,Positif,Positif,bagus
Pengguna Google,5,2026-04-06 07:33:18,"koo makin di update makin jelek ya ni apk, banyak bug nyaa",0.0196047754205968,0.9411352102432704,0.0198287369922044,0.0194312773439282,Topik 1,Negatif,Negatif,koo update jelek apk error nyaa
Pengguna Google,2,2026-04-06 07:33:10,pas aku update jadi suka keluar sendiri padahal memori aman koneksi juga aman,0.0183147155054498,0.945345507032916,0.0184498901655691,0.0178898872960651,Topik 1,Positif,Positif,update suka ingat aman koneksi aman
Pengguna Google,4,2026-04-06 07:32:47,"bagus,tapi ko a di aku belum ada fitur vn ya?",0.8069930114803461,0.0244890165178001,0.1457483481960268,0.0227696238058269,Topik 0,Positif,Positif,bagus fitur
Pengguna Google,5,2026-04-06 07:32:18,seru bgt mainnin ny,0.0501431610101988,0.3625222288447688,0.0533657755399516,0.5339688346050806,Topik 3,Netral,Positif,seru mainnin nya
Pengguna Google,5,2026-04-06 07:27:31,menghibur dan bayak pelajaran pengetahuan,0.0418525286675131,0.0418426830791419,0.8744877780392751,0.0418170102140698,Topik 2,Netral,Positif,hibur bayak ajar tahu
Pengguna Google,5,2026-04-06 07:26:22,sangat bagus,0.08333333426591,0.083333334116811,0.7489177344334214,0.0844155971838575,Topik 2,Positif,Positif,bagus
Pengguna Google,5,2026-04-06 07:26:12,bagus,0.1250000009788242,0.1250000013901184,0.624999993815306,0.1250000038157514,Topik 2,Positif,Positif,bagus
Pengguna Google,3,2026-04-06 07:24:05,kenapa ya..!sekarang tiktoknya lemot banget padahal ruang penyimpanan masih banyak,0.0214253008545384,0.9358654816425644,0.0217023976486525,0.0210068198542447,Topik 1,Negatif,Negatif,tiktoknya lambat ruang simpan
Pengguna Google,5,2026-04-06 07:22:54,suka de tiktok,0.0643257633225943,0.0655092813262296,0.8058541348713874,0.0643108204797885,Topik 2,Positif,Positif,suka tiktok
Pengguna Google,2,2026-04-06 07:21:54,"gk suka, lemot",0.0632546613404964,0.8063914272127414,0.0677665907074392,0.0625873207393229,Topik 1,Netral,Positif,suka lambat
Pengguna Google,5,2026-04-06 07:21:52,bagus,0.1250000009788242,0.1250000013901184,0.624999993815306,0.1250000038157514,Topik 2,Positif,Positif,bagus
Pengguna Google,1,2026-04-06 07:20:51,"telalu di batasi untuk komen, sistim komentar sampah, sistim jempol palsu dari bot, pelit koin. susah membedakan komen sampah dgn komen pujian mengharap rating. komen di tiktok ngk ada debat, ngk seru!",0.8949515032798286,0.0549925851317001,0.0077251327942923,0.0423307787941788,Topik 0,Negatif,Negatif,talu batas komen sistim komentar sampah sistim jempol palsu bot pelit koin susah beda komen sampah komen puji harap rating komen tiktok debat seru
Pengguna Google,1,2026-04-06 07:19:27,saya pesen di titok shop datang nya lama kurang lebih 1 minggu busuk aplikasi nya jangan di download.,0.5178173829629139,0.4525634761442794,0.0157090594565238,0.0139100814362828,Topik 0,Netral,Negatif,sen titok toko nya minggu busuk aplikasi nya unduh
Pengguna Google,5,2026-04-06 07:19:03,seru,0.1250000030907642,0.1250000018776363,0.1250094158692616,0.6249905791623377,Topik 3,Netral,Positif,seru
Pengguna Google,1,2026-04-06 07:18:10,tolong ya ini kok ga bisa di buka,0.028770958738506,0.9150283685154814,0.0284201400538641,0.0277805326921482,Topik 1,Netral,Positif,tolong buka
Pengguna Google,5,2026-04-06 07:13:03,bagus,0.1250000009788242,0.1250000013901184,0.624999993815306,0.1250000038157514,Topik 2,Positif,Positif,bagus
Pengguna Google,4,2026-04-06 07:11:40,sudah bagus tapi kok pas saya chatan sama temen saya di grup tiktok tidak ada fitur foto ya?,0.8909382628486323,0.0144878591085044,0.0813964082911431,0.01317746975172,Topik 0,Positif,Positif,bagus chatan teman grup tiktok fitur foto
Pengguna Google,5,2026-04-06 07:11:31,tiktok bikin seru gk ngebosenin,0.0440640240557268,0.4149361549618902,0.3146829534642986,0.2263168675180843,Topik 1,Netral,Positif,tiktok seru ngebosenin
Pengguna Google,4,2026-04-06 07:11:03,INI SANGAT BAIKK,0.0627607302404188,0.0631670974089387,0.8110168545931415,0.0630553177575008,Topik 2,Netral,Positif,baikk
Pengguna Google,4,2026-04-06 07:07:46,suka tapi boros baterai dan jdi ngelag,0.0316648632402647,0.4319919952127981,0.5050266376194892,0.0313165039274481,Topik 2,Netral,Positif,suka boros baterai lambat
Pengguna Google,1,2026-04-06 07:06:35,"aplikasi apaaan gajelas,komentar di tangguhkan terus,gilirannya yg bugil kaga di ban,aneh banget sumpah",0.6954780779555106,0.2733268887912428,0.0162147445467263,0.0149802887065202,Topik 0,Negatif,Negatif,aplikasi apan gajelas komentar tangguh gilir bugil ban aneh sumpah
Pengguna Google,1,2026-04-06 07:04:18,"saya udah umur 18tahun kok tetep gabisa live tiktok sihh, temen saya aja yg sd bisa, kenapa saya gabisa dah, udah mah bikin konten tiap hari selalu minim penonton, gapernah aja fyp, kasih akun saya fyp lah tiktok, capek nih ngedit banyak tapi selalu minim penonton buat apa kalo buat konten banyak² tapi sepi yg liat mah, capek capein doang",0.6800181992916853,0.3116246605460012,0.004243698538738,0.0041134416235754,Topik 0,Positif,Positif,umur tidak bisa live tiktok sihh teman tidak bisa mah konten minim tonton gapernah fyp kasih akun fyp tiktok kesal ngedit minim tonton konten banyak sepi lihat mah kesal capein doang
Pengguna Google,1,2026-04-06 07:04:02,akun selalu Ter blokir 🙂‍↕️,0.8665671560017568,0.0368239369562321,0.0373914621432544,0.0592174448987566,Topik 0,Netral,Positif,akun ter blokir
Pengguna Google,5,2026-04-06 06:58:56,aplikasi yang sangat bagus,0.051412884790717,0.0503630802727503,0.8479316881931586,0.050292346743374,Topik 2,Positif,Positif,aplikasi bagus
Pengguna Google,3,2026-04-06 06:57:59,lama banget menggunakan nya lemot mendownlod nya juga lama,0.0263390336722119,0.7237729908892057,0.2247283473204434,0.0251596281181389,Topik 1,Negatif,Negatif,nya lambat mendownlod nya
Pengguna Google,1,2026-04-06 06:56:05,aneh banget kaya ga bisa ke instal gitu,0.0324441837281078,0.9106758276051944,0.0287964156599433,0.0280835730067546,Topik 1,Positif,Positif,aneh instal gitu
Pengguna Google,5,2026-04-06 06:54:21,keren banget,0.0834723413780393,0.0841019681416916,0.7480021952838537,0.0844234951964152,Topik 2,Positif,Positif,keren
Pengguna Google,2,2026-04-06 06:50:42,tolong donk ya ini knp tiktok akhir² ini suka lemot. diupdate udah tp sama aja masih lemot. gak bisa lihat ulasan apalagi edit ulasan ditiktokshop. tolong ini gmn? tolong diperbaiki lagi,0.0085993992164195,0.9754601274800622,0.0081005670770623,0.0078399062264559,Topik 1,Netral,Negatif,tolong donk tiktok akhir suka lambat diupdate lambat lihat ulas edit ulas ditiktokshop tolong tolong baik
Pengguna Google,5,2026-04-06 06:44:53,Bagus,0.1250000009788242,0.1250000013901184,0.624999993815306,0.1250000038157514,Topik 2,Positif,Positif,bagus
Pengguna Google,3,2026-04-06 06:39:26,pas menginstal nya lama bgt padahal dah pake wifi sama data,0.0215597382394464,0.936265697423736,0.0212492057720923,0.0209253585647251,Topik 1,Netral,Positif,menginstal nya pakai wifi data
Pengguna Google,1,2026-04-06 06:39:06,kenapa sih ribet banget apk nya pdhl dulu itu tt di pakai di umur 13 thn boleh sekarang malah tambah ribet emang kenapa sih padahal aku ku g ad aneh² nya ini hp juga punya ku sendiri lagian apk tiktok rame itu ya gara² hp kita kenapa sekarang banyak langgaran dasar kocagggg pusing tau ngurusin akun Mulu najissss,0.440111335293342,0.5509778848096872,0.0044945809883336,0.004416198908637,Topik 1,Netral,Negatif,ribet apk nya pakai umur thn ribet aneh nya apk tiktok rame gara langgar dasar kocag pusing ngurusin akun najis
Pengguna Google,5,2026-04-06 06:36:55,seru,0.1250000030907642,0.1250000018776363,0.1250094158692616,0.6249905791623377,Topik 3,Netral,Positif,seru
Pengguna Google,4,2026-04-06 06:35:55,enak buat yang gabut,0.0521045377222092,0.0504487213118724,0.8474224051377759,0.0500243358281423,Topik 2,Netral,Positif,enak gabut
Pengguna Google,5,2026-04-06 06:35:37,saya sangat menyukai aplikasi ini,0.0429539189298736,0.0423728712155107,0.8728136420752343,0.0418595677793814,Topik 2,Netral,Positif,suka aplikasi
Pengguna Google,1,2026-04-06 06:35:22,kenapa yaa di aplikasi tiktok ga ada fitur toko nya jadi muncul teman?,0.6469577864407325,0.3159154427548163,0.0192337912918053,0.0178929795126458,Topik 0,Netral,Positif,yaa aplikasi tiktok fitur toko nya muncul teman
Pengguna Google,5,2026-04-06 06:32:28,puas,0.1250000197691961,0.1250000118467657,0.1250000431835362,0.624999925200502,Topik 3,Positif,Positif,puas
Pengguna Google,4,2026-04-06 06:31:41,"baguss, gabikin bosan tapi klau mau live harus hati hati, soalnya dikit dikit kena band😡",0.3954230371384297,0.1577572235479027,0.0989128666012733,0.347906872712394,Topik 0,Positif,Positif,baguss gabikin bosan live hati hati dikit dikit kena band
Pengguna Google,5,2026-04-06 06:27:50,suka🥰🥰🥰,0.0178703816865947,0.0184592662489866,0.0597040831357227,0.9039662689286958,Topik 3,Positif,Positif,suka
Pengguna Google,5,2026-04-06 06:27:32,bGUS,0.125000025090597,0.1250000175070836,0.6249998610331775,0.1250000963691418,Topik 2,Netral,Positif,bgus
Pengguna Google,5,2026-04-06 06:24:58,Mntap,0.1250001110407991,0.1250000673484135,0.1250002183290947,0.6249996032816926,Topik 3,Netral,Positif,mntap
Pengguna Google,1,2026-04-06 06:24:30,baru kemarin d update sekarang d update lagi apa sih tujuan nya cuma gitu doank menghabiskan data gak jelas banget.,0.1080223009114744,0.8648328109364877,0.0139120560052536,0.0132328321467842,Topik 1,Netral,Negatif,kemarin update update tuju nya gitu doank habis data
Pengguna Google,4,2026-04-06 06:22:10,bagus tapi kalo aku bikin tiktok gak rame kenapa ya bantu FB lb no unfol plis tt_mbg 2015,0.7399516748484963,0.0134998151040873,0.2338382187740292,0.012710291273387,Topik 0,Positif,Positif,bagus tiktok rame bantu unfol tolong mbg
Pengguna Google,3,2026-04-06 06:21:33,"bantu saya retur barang...saya sebagai pembeli sangat di rugikan,gambar dan isi tidak sesuai...",0.8608485269286997,0.0159982113791523,0.1072152434567283,0.0159380182354195,Topik 0,Netral,Positif,bantu retur barang beli rugi gambar isi sesuai
Pengguna Google,5,2026-04-06 06:21:25,meskipun jaringan lemot untung bisa offline😁,0.0241655999573593,0.4729868506639934,0.0222141187553761,0.4806334306232711,Topik 3,Netral,Positif,jaring lambat untung luring
Pengguna Google,3,2026-04-06 06:18:23,"um 6^€€7_× bln xw jv0l'., 8bh6 im @^ %19₩?^?£",0.7748032768544835,0.0318314636957611,0.0321143030719277,0.1612509563778277,Topik 0,Netral,Positif,jvl
Pengguna Google,1,2026-04-06 06:16:59,"apa sii tik tok live kena pl mulu mana suka close sendiri ga jelas, tik tok sekarang aneh",0.2938926135139587,0.6795227064274765,0.0133766776230575,0.0132080024355071,Topik 1,Positif,Negatif,sii tik tok live kena suka close tik tok aneh
Pengguna Google,5,2026-04-06 06:16:32,Seru tapi akun aku ke blok kalo bisa tolong balikin ya Mangat terus tiktok,0.5707479156496476,0.2562614503089385,0.0175222927456761,0.1554683412957377,Topik 0,Netral,Positif,seru akun blok tolong balikin mangat tiktok
Pengguna Google,5,2026-04-06 06:16:26,this application is very useful,0.0416667976327694,0.0416667464373268,0.0416669153794318,0.8749995405504718,Topik 3,Netral,Positif,this application useful
Pengguna Google,1,2026-04-06 06:13:53,tik tok ini gak enak masa iya akun tiba² di blokir tanpa keterangan kesalah nya. tik tok kon**l,0.3806374530682649,0.591895306756392,0.013836734481269,0.0136305056940739,Topik 1,Netral,Positif,tik tok enak iya akun tiba blokir terang salah nya tik tok kon
Pengguna Google,5,2026-04-06 06:12:02,saat penting bagi ku tiktok in aku saat menyukai nya,0.3575330872963051,0.0242097960324782,0.5939419007562812,0.0243152159149354,Topik 2,Netral,Positif,tiktok suka nya
Pengguna Google,5,2026-04-06 06:10:38,Aplikasi ini sangat baik untuk melakukan hal yang harus kita lakukan,0.2756007186737996,0.1160773501473754,0.5874189212242329,0.0209030099545921,Topik 2,Netral,Positif,aplikasi laku
Pengguna Google,5,2026-04-06 06:09:12,kok mintaah hp marah,0.0512374594208472,0.4493976094600048,0.0500153377046227,0.4493495934145251,Topik 1,Netral,Positif,mintaah marah
Pengguna Google,5,2026-04-06 06:05:46,bagus cuman ada batasan usia padahal usia udah 20 thn lebih tapi ttp gbleh,0.8628437052965229,0.0181255571742147,0.1023582995890182,0.0166724379402441,Topik 0,Positif,Positif,bagus batas usia usia thn gbleh
Pengguna Google,5,2026-04-06 06:05:46,bagus aja sihhh,0.0644272323377616,0.3897738716590723,0.4818378227851627,0.0639610732180033,Topik 2,Positif,Positif,bagus
Pengguna Google,5,2026-04-06 06:05:20,ff juna,0.0833470320903756,0.0834299547515735,0.0842375304018998,0.748985482756151,Topik 3,Netral,Positif,juna
Pengguna Google,5,2026-04-06 06:03:37,seru tapi kebanyakan haters nya,0.0459274261588773,0.4815499347980121,0.0443777321048515,0.428144906938259,Topik 1,Netral,Positif,seru banyak haters nya
Pengguna Google,2,2026-04-06 06:00:22,"please fix the game bro i every time I watch it, I definitely don't want it to play",0.0161956861029712,0.0157915219605574,0.0157426522074685,0.9522701397290028,Topik 3,Netral,Negatif,tolong game bro watch definitely want main
Pengguna Google,5,2026-04-06 05:59:20,sangat sukaa,0.0833333758216844,0.0833333620581755,0.7479977274538911,0.0853355346662486,Topik 2,Positif,Positif,sukaa
Pengguna Google,5,2026-04-06 05:58:46,gacor,0.1250002259068496,0.1250001360379231,0.1250004408662731,0.6249991971889541,Topik 3,Netral,Positif,gacor
Pengguna Google,5,2026-04-06 05:58:21,kenapa aku tidak punya mode vn,0.8910691738656025,0.0368109774490328,0.036215831252358,0.0359040174330064,Topik 0,Netral,Positif,mode
Pengguna Google,3,2026-04-06 05:58:01,klo bikin vidio lemot bngt,0.0447615458636043,0.865137111341953,0.048143042495584,0.0419583002988585,Topik 1,Negatif,Negatif,vidio lambat
Pengguna Google,5,2026-04-06 05:51:49,sangat baik pt primadaya pratama pandukarya,0.5868580736039354,0.0357287312737928,0.3411834384747397,0.036229756647532,Topik 0,Netral,Positif,primadaya pratama pandukarya
Pengguna Google,5,2026-04-06 05:50:49,mantap,0.1250000060051261,0.1250000035252076,0.6249999674151272,0.1250000230545389,Topik 2,Positif,Positif,mantap
Pengguna Google,5,2026-04-06 05:49:47,bagus..,0.1250000009788242,0.1250000013901184,0.624999993815306,0.1250000038157514,Topik 2,Positif,Positif,bagus
Pengguna Google,1,2026-04-06 05:49:24,gabisa dibuka knp ya,0.0506879779241239,0.8491268129165856,0.0501818016058131,0.0500034075534772,Topik 1,Positif,Positif,tidak bisa buka
Pengguna Google,5,2026-04-06 05:48:33,puas bangat,0.0833334747281456,0.0833530810007648,0.4166205348331542,0.4166929094379353,Topik 3,Positif,Positif,puas bangat
Pengguna Google,5,2026-04-06 05:46:28,walaupun pun sering keluar sendiri tetapi aku tetap suka dengan apk nya🥲,0.0160636175466789,0.6011540261863998,0.0160665113971909,0.3667158448697303,Topik 1,Positif,Positif,suka apk nya
Pengguna Google,5,2026-04-06 05:45:51,cocok buat isi wktu luang,0.04575516474455,0.0438897706849314,0.868661129178338,0.0416939353921804,Topik 2,Netral,Positif,cocok isi wktu luang
Pengguna Google,1,2026-04-06 05:42:43,"Yeay! Najis berat banget, ngelag bgt",0.0364899472414123,0.6869452919790936,0.0380566875144341,0.23850807326506,Topik 1,Negatif,Negatif,yeay najis berat lambat
Pengguna Google,3,2026-04-06 05:39:54,"tiktok anj napa sih suka di ubah² gitu jijik, trs pas prtama buka tiktok malah di yabg teman, napa ga di saran aja sih biar satset",0.3560092389801109,0.6251281230073572,0.0095731340966715,0.0092895039158604,Topik 1,Positif,Positif,tiktok anjing napa suka ubah gitu jijik prtama buka tiktok yabg teman napa saran satset
Pengguna Google,5,2026-04-06 05:37:33,sangat bagus karna kita bisa lihat video yang random random tapi dia loadingnya lama,0.0177636442539129,0.2210495841517174,0.7443975176043746,0.016789253989995,Topik 2,Positif,Positif,bagus lihat video random random loadingnya
Pengguna Google,5,2026-04-06 05:37:16,zahra 7 sMP,0.7479667254782547,0.0842016609727849,0.0833474804416716,0.0844841331072887,Topik 0,Netral,Positif,zahra smp
Pengguna Google,5,2026-04-06 05:36:49,gak jelas plis aku kena batasan usia terus padahal usia nya udah bener tolong kadang juga ke blok sendiri 🙃,0.5964588233804092,0.2887731702740658,0.0115141306784695,0.1032538756670556,Topik 0,Negatif,Negatif,tolong kena batas usia usia nya tolong kadang blok
Pengguna Google,5,2026-04-06 05:35:50,sangat bagus,0.08333333426591,0.083333334116811,0.7489177344334214,0.0844155971838575,Topik 2,Positif,Positif,bagus
Pengguna Google,5,2026-04-06 05:34:08,me arik juga,0.0640330622895608,0.0641224944416465,0.557104390437212,0.3147400528315805,Topik 2,Netral,Positif,arik
Pengguna Google,4,2026-04-06 05:33:12,"oke skrg sy sdh bisa melihat fitur pesanan.terima kasih perbaikannya🙏🏻 dan kalau koment pakai video atau poto,ga usah di tampilin di profil beranda🤦‍♀️",0.5070225199846065,0.1388484194125425,0.2694250536862961,0.084704006916555,Topik 0,Positif,Positif,oke fitur pesan terima kasih baik koment pakai video foto tampilin profil beranda
Pengguna Google,5,2026-04-06 05:25:43,sya ksih bintang lima lama bangt install nya,0.0287950085149283,0.6964139704210838,0.2406351869232879,0.0341558341406999,Topik 1,Netral,Positif,ksih bintang install nya
Pengguna Google,5,2026-04-06 05:25:32,wajib download,0.0836575029656555,0.4167238476338811,0.4162837525523338,0.0833348968481293,Topik 1,Netral,Positif,wajib unduh
Pengguna Google,5,2026-04-06 05:21:42,Tolong Untuk pihak TikTok untuk bisa ubah settingan Pengikut dan mengikuti agar bisa Unlimited tanpa harus dibatasi karena di versi yang saat ini Jumlah Pengikut bisa tanpa batas sedangkan untuk mengikuti hanya bisa sampai 10.000 akun saja seharusnya bisa di buat tanpa batas juga seperti jumlah pengikut di akun,0.9445057691350056,0.0454623773440208,0.0050952852099182,0.0049365683110552,Topik 0,Netral,Positif,tolong tiktok ubah settingan ikut ikut unlimited batas versi ikut batas ikut akun batas ikut akun
Pengguna Google,5,2026-04-06 05:19:02,Josss jisss,0.0833391990856882,0.0833368847924481,0.7499688191858466,0.0833550969360171,Topik 2,Netral,Positif,jos jis
Pengguna Google,3,2026-04-06 05:17:31,"bang admin, bisa kah kasih fitur jika vt udh full d tonton, vt nya scrol sndri ke vt selanjut nya?? thnk 🙏",0.4018783703139411,0.3412721182560079,0.2458686258457122,0.0109808855843385,Topik 0,Positif,Positif,kakak admin kah kasih fitur penuh tonton nya scrol lanjut nya thnk
Pengguna Google,5,2026-04-06 05:17:27,bagus,0.1250000009788242,0.1250000013901184,0.624999993815306,0.1250000038157514,Topik 2,Positif,Positif,bagus
Pengguna Google,5,2026-04-06 05:15:03,seru,0.1250000030907642,0.1250000018776363,0.1250094158692616,0.6249905791623377,Topik 3,Netral,Positif,seru
Pengguna Google,5,2026-04-06 05:13:55,seru,0.1250000030907642,0.1250000018776363,0.1250094158692616,0.6249905791623377,Topik 3,Netral,Positif,seru
Pengguna Google,5,2026-04-06 05:13:47,gimana cara vn tiktok,0.8466343575855196,0.0522800773514647,0.0507321387516384,0.0503534263113773,Topik 0,Netral,Positif,gimana tiktok
Pengguna Google,1,2026-04-06 05:10:28,"saya sedang live trus saya lagi bebenah stand mic malah kena pelanggaran senjata api, ayo lah tiktok jangan bodoh masa gak bisa bedain stand mic dengan senjata api, mana di bannednya 4bulan lagi, saya udah ajukan banding malah ditolak bener bener sebodoh itukah tiktok?",0.92139471852745,0.0669614349087884,0.0056432245568709,0.0060006220068904,Topik 0,Positif,Positif,live bebenah stand mic kena langgar senjata api ayo tiktok bodoh bedain stand mic senjata api bannednya aju banding tolak bodoh tiktok
Pengguna Google,3,2026-04-06 05:05:57,"gimana cara bisa vn, ini juga gk bisa di update/perbarui😒😠🙁",0.1494751546428798,0.4651304473601395,0.0136584863078828,0.3717359116890979,Topik 1,Positif,Positif,gimana update baru
Pengguna Google,5,2026-04-06 05:02:23,mantap,0.1250000060051261,0.1250000035252076,0.6249999674151272,0.1250000230545389,Topik 2,Positif,Positif,mantap
Pengguna Google,5,2026-04-06 05:02:14,aplikasi nya bagus tapi kok gak bisa di buka padahal kemarin bisa,0.0201113956317872,0.8065581547331081,0.1540966675493974,0.0192337820857073,Topik 1,Positif,Positif,aplikasi nya bagus buka kemarin
Pengguna Google,5,2026-04-06 04:59:41,saya mau aktifin payleter di tiktok tapi KTP sya pernah di pakain tik tok akun saya satu ny yg kena blokir gimna itu cara ngaktifin payleter di tik tok saya yg skrng kalau perang sya gunain KTP sya di tik tok saya yg lama,0.6042753434648219,0.3845021801101128,0.0056515111516403,0.0055709652734248,Topik 0,Netral,Positif,aktifin payleter tiktok ktp pakain tik tok akun nya kena blokir gimna ngaktifin payleter tik tok perang gunain ktp tik tok
Pengguna Google,2,2026-04-06 04:58:55,"gajelas, mau buka tiktok tapi ga bisa'",0.0327721216413227,0.9038817532417792,0.0320136928719505,0.0313324322449477,Topik 1,Positif,Positif,gajelas buka tiktok
Pengguna Google,3,2026-04-06 04:54:16,"kenapa ada pembatasan usia saya mau nge dm"" orang penting pun susah untuk saya yang perlu kenapa tidak vd"" yang aneh"" saja yang di blok kenapa harus di batasi usia!!",0.7988494174753338,0.1847638373135238,0.0083155279404608,0.0080712172706815,Topik 0,Negatif,Negatif,batas usia nge pesan orang susah aneh blok batas usia
Pengguna Google,1,2026-04-06 04:53:44,Untuk Dev tiktok tolong update aplikasi nya komentar saya tidak muncul di postingan,0.6421220357806704,0.3205539763282382,0.0194242476050785,0.017899740286013,Topik 0,Negatif,Negatif,dev tiktok tolong update aplikasi nya komentar muncul postingan
Pengguna Google,5,2026-04-06 04:52:02,perna buat fidio,0.5102588117574138,0.0631306750643398,0.3638789291153182,0.062731584062928,Topik 0,Netral,Positif,fidio
Pengguna Google,3,2026-04-06 04:50:29,knpsih akhir² ini kamera tiktok ngelag parah padhl udh apus data hpus ruang penyimpanan bahkan smpe hapus apknya trs download ulang tapi maslhnya ttp sama aja ini gmn sihh tolong bikin resah bngt,0.0075524496292295,0.977561117513824,0.0075077698723252,0.0073786629846209,Topik 1,Negatif,Negatif,knpsih akhir kamera tiktok lambat parah padhl hapus data hpus ruang simpan hapus apknya unduh ulang maslhnya sihh tolong resah
Pengguna Google,1,2026-04-06 04:50:06,gak bisa masuk,0.0649105952891172,0.8093994373608066,0.0631819295825263,0.0625080377675498,Topik 1,Positif,Positif,masuk
Pengguna Google,1,2026-04-06 04:49:29,aplikasinya lemott bgtt dahhh 😭,0.293704050631441,0.0339090107272808,0.2912937297712749,0.3810932088700033,Topik 3,Negatif,Negatif,aplikasi lemott
Pengguna Google,5,2026-04-06 04:47:27,bagus,0.1250000009788242,0.1250000013901184,0.624999993815306,0.1250000038157514,Topik 2,Positif,Positif,bagus
Pengguna Google,5,2026-04-06 04:47:26,bagus,0.1250000009788242,0.1250000013901184,0.624999993815306,0.1250000038157514,Topik 2,Positif,Positif,bagus
Pengguna Google,1,2026-04-06 04:45:14,"sumpah gak jelas banget, semua komentar aku di video lama ataupun yang baru tiba-tiba di hide, padahal gak ada pelanggaran apapun baik akun atau videonya, komentarnya bukan komentar yang mengandung kata sensitif. udah bikin laporan, ditungguin dari kemaren gak ada hasilnya. giliran video dan komentar yang gak seharusnya aman aman aja. tolong dong diperbaiki",0.7781352718527114,0.1845095681183723,0.032860861049115,0.0044942989798012,Topik 0,Negatif,Negatif,sumpah komentar video hide langgar apa akun video komentar komentar kandung sensitif lapor ditungguin kemarin hasil gilir video komentar aman aman tolong baik
Pengguna Google,1,2026-04-06 04:43:33,"parah sekarang tik tok suka ngebug kalau buat bukak komen,jaringan sudah pakai wifi atau data sama aja sudah pindah2 tempat jaringan wifi masih aja ngebug",0.1692261458499992,0.8117520696464618,0.009748512714037,0.0092732717895017,Topik 1,Negatif,Negatif,parah tik tok suka ngebug bukak komen jaring pakai wifi data pindah jaring wifi ngebug
Pengguna Google,2,2026-04-06 04:42:26,"Saya mengalami masalah pada pemutaran video di aplikasi TikTok sejak beberapa hari terakhir. Aplikasi berjalan lancar saat membuka profil, komentar, dan menu lainnya, namun beberapa video dan live streaming sering patah-patah (frame drop) meskipun koneksi internet stabil dan cepat. Masalah ini sebelumnya tidak pernah terjadi, dan mulai muncul secara tiba-tiba. Saya sudah mencoba menghapus cache, reinstall aplikasi, serta memastikan jaringan dalam kondisi baik, tetapi masalah tetap terjadi.",0.4947578393740754,0.4246950597653786,0.0522518157723678,0.0282952850881782,Topik 0,Netral,Negatif,alami putar video aplikasi tiktok aplikasi jalan lancar buka profil komentar menu video live streaming patah patah frame jatuh koneksi internet stabil cepat muncul coba hapus cache reinstall aplikasi jaring kondisi
Pengguna Google,2,2026-04-06 04:41:59,"redmi 15 4g snapdragon 685 ufs 2.2 ngelag aplikasinya, lemot, lola",0.0236457695780864,0.9305881382931828,0.0229912252180813,0.0227748669106495,Topik 1,Negatif,Negatif,redmi snapdragon ufs lambat aplikasi lambat lola
Pengguna Google,5,2026-04-06 04:40:53,mantap,0.1250000060051261,0.1250000035252076,0.6249999674151272,0.1250000230545389,Topik 2,Positif,Positif,mantap
Pengguna Google,1,2026-04-06 04:37:54,"alogaritma tiktok jangan dipersulit lah , kasian para konten kreator effort gede sekarang susah bgt FYPnya.. mentang2 udah banyak pengguna Alogaritma dipersulit jadi susah FYP kalo gini caranya Tiktok akan bangkrut ke geser aplikasi sebelah",0.730636856305716,0.2547433973521383,0.007431673242692,0.0071880730994536,Topik 0,Negatif,Negatif,alogaritma tiktok sulit kasihan konten kreator effort gede susah fypnya mentang guna alogaritma sulit susah fyp gin tiktok bangkrut geser aplikasi belah
Pengguna Google,5,2026-04-06 04:37:20,Vidio ya bagus banget 😊,0.0262243576472778,0.0282227668353612,0.3810886835821254,0.5644641919352357,Topik 3,Positif,Positif,vidio bagus
Pengguna Google,3,2026-04-06 04:37:07,ini kenapa gak mau bukak truss... loading mulu di buka gak respons kenapa dahh sering bnr update trus padahal,0.0129343993703675,0.9619054290251876,0.0125835165627087,0.0125766550417362,Topik 1,Netral,Negatif,bukak truss loading buka respons dahh update
Pengguna Google,5,2026-04-06 04:35:15,sangat keren,0.083333337510983,0.0833333357934945,0.7489177122012611,0.0844156144942611,Topik 2,Positif,Positif,keren
Pengguna Google,5,2026-04-06 04:33:49,bagus,0.1250000009788242,0.1250000013901184,0.624999993815306,0.1250000038157514,Topik 2,Positif,Positif,bagus
Pengguna Google,5,2026-04-06 04:32:30,"cakeppp,gw suka banyak fiturnya dan beragam filternya,bisa dibuat bikin API 🔥",0.2644442634063255,0.0187690036712115,0.5501619623073294,0.1666247706151336,Topik 2,Positif,Positif,cakep suka fiturnya agam filter api
Pengguna Google,5,2026-04-06 04:27:35,sangat bagus,0.08333333426591,0.083333334116811,0.7489177344334214,0.0844155971838575,Topik 2,Positif,Positif,bagus
Pengguna Google,1,2026-04-06 04:25:22,saya kasih bintang 1 karena lama banget lodingnya,0.0336850258308061,0.4550670104729964,0.4717957205386185,0.0394522431575789,Topik 2,Netral,Positif,kasih bintang lodingnya
Pengguna Google,5,2026-04-06 04:23:29,adanya aplikasi ini sangat bermanfaat bagi kami semoga kedepanya lebih bermanfaat lagi tapi cepat kehabisan data,0.0152858973914181,0.102815255320163,0.8671556626274332,0.0147431846609856,Topik 2,Positif,Positif,aplikasi manfaat moga depa manfaat cepat habis data
Pengguna Google,5,2026-04-06 04:21:53,aplikasinya bagus sekali tapi tolong ya Tik tok pengen fitur itu untuk simpan otomatis ke perangkat tanpa harus di pos dulu untuk menghilangkan watermarknya,0.4089083061909649,0.3906061052840459,0.1904141670087151,0.010071421516274,Topik 0,Netral,Positif,aplikasi bagus tolong tik tok fitur simpan otomatis perangkat pos hilang watermark
Pengguna Google,2,2026-04-06 04:17:41,harus berapa banyak sih penyimpanan yang aku udah hapus banyak permainan loh tolong kurangi lagi penyimpananya,0.0163827564751022,0.9525287363189672,0.0162697164840608,0.0148187907218698,Topik 1,Negatif,Negatif,simpan hapus main tolong kurang penyimpananya
Pengguna Google,5,2026-04-06 04:16:09,"Bagus jadi bisa belajar banyak hal dan berguna, tapi ada batas follower untuk jadi affiliator jadi bisa diturunin minimal follower nya🙏",0.4477351761187652,0.0117461719317492,0.5300837953358626,0.0104348566136229,Topik 2,Positif,Positif,bagus ajar guna batas follower affiliator diturunin minimal follower nya
Pengguna Google,5,2026-04-06 04:14:55,"Saran dari saya perbaiki masalah video AI pakek keranjang kuning apalagi AI nya jelek banget, penjualan banyak dan aman padahal sangat banyak yang melanggar peraturan, banyak yg pakek keranjang kuning tapi video AI tidak berkualitas dari penyampaian, durasi dan banyak lainya, kalau anda tidak merubah ini tiktok akan di penuhi dengan kreator yg tidak kreatif, sebaiknya kalau jualan pakek video real atau asli",0.8335460550302576,0.0357464660931706,0.1266544798963945,0.0040529989801773,Topik 0,Negatif,Negatif,saran baik video pakai keranjang kuning nya jelek jual aman langgar atur pakai keranjang kuning video kualitas sampai durasi lai rubah tiktok penuh kreator kreatif jual pakai video nyata asli
Pengguna Google,5,2026-04-06 04:14:43,baguss,0.1250000149606433,0.1250000093031158,0.6248990606105339,0.1251009151257068,Topik 2,Positif,Positif,baguss
Pengguna Google,5,2026-04-06 04:12:51,aplikasi yg lagi rame,0.3257837628279075,0.2854022179628608,0.3385573480194188,0.0502566711898128,Topik 2,Netral,Positif,aplikasi rame
Pengguna Google,4,2026-04-06 04:09:35,ko lemot banget si buka aplikasi nya padahal paket banyak,0.0238496715745846,0.9282199314410484,0.0249913834518455,0.0229390135325214,Topik 1,Negatif,Negatif,lambat buka aplikasi nya paket
Pengguna Google,5,2026-04-06 04:05:57,aplikasi ini tidak bisa saya download apa ram HP ku ini masih ada yg kosong tapi saya mau download katanya hapus ruangan di HP mu terus saya hapus semua foto² tapi masih tetap mohon kasih Bae ini aplikasi tiktok nya minta tolong,0.2596294756330587,0.7284138272214111,0.0061233937773901,0.0058333033681399,Topik 1,Netral,Negatif,aplikasi unduh ram kosong unduh hapus ruang hapus foto mohon kasih bae aplikasi tiktok nya tolong
Pengguna Google,5,2026-04-06 04:02:20,terima kasih,0.0876731829878255,0.0843707495263806,0.7442641838011888,0.0836918836846049,Topik 2,Netral,Positif,terima kasih
Pengguna Google,5,2026-04-06 03:59:52,moga ada rejekinya,0.2952185950550268,0.0640993492109692,0.5781678007867279,0.0625142549472759,Topik 2,Netral,Positif,moga rezeki
Pengguna Google,5,2026-04-06 03:59:09,tolong adakan fitur komentar pesan suara😁,0.5246705344593702,0.021722234431981,0.0208340237025508,0.432773207406098,Topik 0,Negatif,Negatif,tolong adakan fitur komentar pesan suara
Pengguna Google,5,2026-04-06 03:57:02,bagus👍👍👍👍👍👍👍👍👍👍👍👍👍👍👍👍👍👍👍👍👍👍👍👍👍👍👍👍👍👍👍👍👍👍👍👍👍👍,0.984908610189273,0.0021604762155204,0.0107757407280335,0.0021551728671729,Topik 0,Positif,Positif,bagus
Pengguna Google,5,2026-04-06 03:49:19,mantap,0.1250000060051261,0.1250000035252076,0.6249999674151272,0.1250000230545389,Topik 2,Positif,Positif,mantap
Pengguna Google,1,2026-04-06 03:46:48,terlalu banyak aturan aneh untuk tiktok affiliate yang padahal sudah mematuhi semua aturan tiba2 kena pelanggaran,0.9549800174317096,0.015105779625642,0.0151594438797881,0.0147547590628602,Topik 0,Netral,Negatif,atur aneh tiktok affiliate patuh atur kena langgar
Pengguna Google,5,2026-04-06 03:43:34,sangat luar biasa ini membikin saya suka tolong ada in fitur berguna,0.393814892709002,0.0202911621435024,0.565727452635013,0.0201664925124823,Topik 2,Netral,Positif,bikin suka tolong fitur guna
Pengguna Google,4,2026-04-06 03:42:37,"tolong adain fitur hapus pesan toko itu, risih banget liatnya🙏",0.5341574797544694,0.2154454097545816,0.2298961362306851,0.0205009742602638,Topik 0,Negatif,Negatif,tolong adain fitur hapus pesan toko risih liat
Pengguna Google,5,2026-04-06 03:40:31,"Bintang 5 ⭐ Suka banget sama TikTok karena moderation-nya cepet. Di YouTube sering ketemu thumbnail atau video yang kurang sopan soal agama tapi lama banget baru diurus. Di TikTok lebih responsif, terutama konten SARA atau yang bisa bikin rusuh. Algoritmanya juga enak, nggak banjir sampah. Keep it up!",0.500555458208903,0.2163740692408136,0.123721735911658,0.1593487366386253,Topik 0,Positif,Positif,bintang suka tiktok moderation nya cepat youtube ketemu thumbnail video sopan agama urus tiktok responsif konten sara rusuh algoritmanya enak banjir sampah simpan
Pengguna Google,5,2026-04-06 03:40:09,versi lawas...🫶🫶,0.0284333609006954,0.1443977823218035,0.4837660517288477,0.3434028050486532,Topik 2,Netral,Negatif,versi lawas
Pengguna Google,1,2026-04-06 03:33:24,"BELI IPHONE 14 DI TIKTOK YANG DIKIRIM CUMA PAKET KOSONG ISI BUBLEWARP, SUDAH KOMPLAIN MINTA REFUND SELALU DITOLAK PADAHAL JELAS2 SY LAMPIRKAN BUKTI BAHWA SY TERIMA PAKET KOSONG., BANDING BERHARI2 MINTA INVESTIGASI PENGIRIMAN CM DIJAWAB SAMA ROBOT DAN SELALU DITOLAK DG ALASAN KEBIJAKAN PLATFORM. TIKTOK PELINDUNG MALING PAKET",0.9843048800282554,0.0053445006004706,0.0052313787159067,0.0051192406553669,Topik 0,Netral,Negatif,beli iphone tiktok kirim paket kosong isi bublewarp komplain refund tolak lampir bukti terima paket kosong banding hari investigasi kirim robot tolak alas bijak platform tiktok lindung maling paket
Pengguna Google,1,2026-04-06 03:32:45,makasih uda gk lemod lagi,0.0424176307003442,0.7281222127907848,0.1873807149752772,0.0420794415335937,Topik 1,Netral,Positif,terimakasih lemod
Pengguna Google,1,2026-04-06 03:31:31,"buruk semingu sekali bisa dikata memperbarui terus tau gini lama"" gw uninstal dah",0.0197073353828694,0.9431817841863276,0.0192453574010824,0.0178655230297206,Topik 1,Netral,Negatif,buruk semingu kata baru gin uninstall
Pengguna Google,5,2026-04-06 03:28:18,tida perlu kata² yg penting buktinyata,0.8904304939958038,0.0362462904014339,0.037583504412411,0.0357397111903511,Topik 0,Netral,Positif,tida kata buktinyata
Pengguna Google,1,2026-04-06 03:23:03,lemot,0.125000031854882,0.6249985966518352,0.1250012235753357,0.125000147917947,Topik 1,Negatif,Negatif,lambat
Pengguna Google,1,2026-04-06 03:20:21,"tolong hapus akun tiktok saya yang keblokir karena umur kalau udah dihapus permanen notifikasi saya, setelah saya punya akun tiktok baru jangan blokir lagi, mohon pertimbangkan dan jawab. Terima kasih",0.9745085466901152,0.0091123330674101,0.0082906145366214,0.0080885057058532,Topik 0,Negatif,Negatif,tolong hapus akun tiktok blokir umur hapus permanen notifikasi akun tiktok blokir mohon timbang terima kasih
Pengguna Google,2,2026-04-06 03:19:09,"entah saya harus ngomong apa,dari bintang 5 saya turunkan ke bintang 2 saya tidak nyaman dg pelanggaran "" GK jelas apalagi klo alasan lokasi ,klo memang GK percaya bisa di cek kita benar"" posisi dmn sekarang...atau pelanggaran "" yg lain yg GK jelas terutama postingan apa lagi bahkan yg menurut saya sudah bermoral dari pada postingan org lain yg diluar moralitas tapi diloloskan begitu saja dan semakin didukung oleh tik tok 🤦",0.8107016041993218,0.1442311577947929,0.0036318625307186,0.0414353754751666,Topik 0,Positif,Negatif,ngomong bintang turun bintang nyaman langgar alas lokasi percaya cek posisi dmn langgar postingan moral postingan orang luar moralitas lolos dukung tik tok
Pengguna Google,5,2026-04-06 03:16:40,biarkan bintang yg bicara yah,0.6472587866306748,0.044350439404981,0.0428214743542957,0.2655692996100484,Topik 0,Netral,Positif,biar bintang bicara yah
Pengguna Google,3,2026-04-06 03:15:21,tolong dong berkecilkan penyimpanan aplikasi tiktok ini 163MB jadi 150MB. Mohon diubah secepatnya,0.0214939983003061,0.9421175591066252,0.0184806901027098,0.0179077524903588,Topik 1,Negatif,Negatif,tolong kecil simpan aplikasi tiktok mohon ubah cepat
Pengguna Google,5,2026-04-06 03:13:44,sangat cocok untuk dipakai sendiri,0.0421730157471643,0.2482614744741928,0.6676420819684522,0.0419234278101905,Topik 2,Netral,Positif,cocok pakai
Pengguna Google,1,2026-04-06 03:12:54,"aplikasi busuk, nglag mulu, sekali nya bisa masuk fyp nya jualan semua, terus ga bisa bikin vidio, ga bisa masuk beranda tiktok, masuk ke tiktok langsung keluar lagi, apk macam apa ini",0.2595808530666744,0.7247086804558647,0.0081108275324098,0.0075996389450512,Topik 1,Positif,Positif,aplikasi busuk nglag nya masuk fyp nya jual vidio masuk beranda tiktok masuk tiktok langsung apk
Pengguna Google,4,2026-04-06 03:10:03,bagus sih dn bayak konten kreator yg lain tapi untuk pihak tiktok tolong kembalikan balikan pitur DM saya ya,0.6670910646226763,0.0131529053261616,0.3072198439302985,0.0125361861208634,Topik 0,Netral,Positif,bagus bayak konten kreator tiktok tolong kembali balik pitur pesan
Pengguna Google,5,2026-04-06 03:07:30,Keren bgt,0.0835936159239814,0.0859641325891209,0.7456315131815286,0.0848107383053689,Topik 2,Positif,Positif,keren
Pengguna Google,5,2026-04-06 03:06:52,bisa menghibur saya ngakak 😭,0.492369412734142,0.0320008656729086,0.3191993534367092,0.1564303681562401,Topik 0,Positif,Positif,hibur ngakak
Pengguna Google,5,2026-04-06 03:05:43,seruu banget nonton di tiktok,0.0438417313163086,0.3077145686002034,0.6062510711076259,0.0421926289758621,Topik 2,Netral,Positif,seruu nonton tiktok
Pengguna Google,1,2026-04-06 03:03:58,lambat banget loadingnya an***g,0.051440871656254,0.8370647632993877,0.0588291163550598,0.0526652486892982,Topik 1,Netral,Negatif,lambat loadingnya
Pengguna Google,3,2026-04-06 03:01:03,lemot tiktok buat live nya malah keluar sendiri berat amat Ram nya,0.159874769901377,0.8008861648616636,0.019970974817615,0.0192680904193442,Topik 1,Negatif,Negatif,lambat tiktok live nya berat ram nya
Pengguna Google,5,2026-04-06 02:59:15,enak banget,0.0834927977062627,0.0846654522841631,0.7473791449915527,0.0844626050180215,Topik 2,Netral,Positif,enak
Pengguna Google,2,2026-04-06 02:55:03,sering mcet sendiri,0.0625038697281159,0.8124746757411369,0.0625072556493274,0.0625141988814197,Topik 1,Netral,Positif,mcet
Pengguna Google,5,2026-04-06 02:52:55,lepas pertama kali coba ini gila bagus amat co,0.0275784234347101,0.7664849985178865,0.1807826584123683,0.025153919635035,Topik 1,Positif,Positif,lepas kali coba gila bagus
Pengguna Google,5,2026-04-06 02:51:22,aku suka banget sih sama aplikasi ini,0.0325107984083658,0.0329715460588865,0.9030789096191876,0.0314387459135599,Topik 2,Positif,Positif,suka aplikasi
Pengguna Google,5,2026-04-06 02:44:47,aplikasi yang trend untuk saat ini dan mudah di gunakan dengan bijak,0.3023748496305208,0.0202444792185394,0.5980813520556307,0.0792993190953091,Topik 2,Netral,Positif,aplikasi trend mudah bijak
Pengguna Google,5,2026-04-06 02:35:26,mantap,0.1250000060051261,0.1250000035252076,0.6249999674151272,0.1250000230545389,Topik 2,Positif,Positif,mantap
Pengguna Google,5,2026-04-06 02:35:04,sangat bagus buat saya,0.0524973003794015,0.0505883347579029,0.8466169877001464,0.0502973771625492,Topik 2,Positif,Positif,bagus
Pengguna Google,5,2026-04-06 02:31:02,bagus banget tapi aku belum ada virus vn,0.4622387437998507,0.1971438140088101,0.3125333465521948,0.0280840956391444,Topik 0,Positif,Positif,bagus virus
Pengguna Google,1,2026-04-06 02:30:49,solusi tidak membantu,0.5606450119301075,0.0643390085131826,0.3125153696990528,0.0625006098576569,Topik 0,Positif,Positif,solusi bantu
Pengguna Google,5,2026-04-06 02:26:01,isi nya warga bokep,0.8392541840862633,0.0521660576366406,0.0582096800363909,0.050370078240705,Topik 0,Netral,Positif,isi nya warga porno
Pengguna Google,1,2026-04-06 02:23:50,apknya ngebug bangke klo ke pecarian suaranya dobel,0.2501755049847747,0.6940861693104927,0.0279486456771342,0.0277896800275982,Topik 1,Negatif,Negatif,apknya ngebug bangke cari suara dobel
Pengguna Google,3,2026-04-06 02:21:31,"sudah di instal ulang, tetep fiturnya gk lengkap. pada hal di HP yg satu fiturnya lengakap",0.4925736670244341,0.4765600593900811,0.0157192058933535,0.0151470676921312,Topik 0,Netral,Positif,instal ulang fiturnya lengkap fiturnya lengakap
Pengguna Google,4,2026-04-06 02:19:19,Banyak kesalahan server,0.8066579585679453,0.0648728582506323,0.0653973339581105,0.0630718492233118,Topik 0,Netral,Negatif,salah server
Pengguna Google,5,2026-04-06 02:17:49,jngn ngeleg,0.0862400927539908,0.7467662657342452,0.083657356558285,0.0833362849534788,Topik 1,Netral,Positif,jngn ngeleg
Pengguna Google,5,2026-04-06 02:05:19,buruan aku mau tiktokan sama teman aku tiktok ini bagus banget bisa ngebantu terus tiktok ini bisa buat Tiktokan abis itu gampang lagi tinggal download aja terimakasih semoga fiturnya selalu berkembang terus amiin dan semoga berhasil download ini bisa buat Tiktokan terus bisa melihat video di tiktok ini dan semoga ini berkembang terus amiin dan semoga berhasil ya amiin terus juga di sini ada live nya semoga bermanfaat terus dan semoga live ya terus berkembang selalu amiin,0.106742135456288,0.3473335470623066,0.5427099904636293,0.003214327017776,Topik 2,Positif,Positif,buru tiktokan teman tiktok bagus ngebantu tiktok tiktokan habis gampang tinggal unduh terimakasih moga fiturnya kembang amiin moga hasil unduh tiktokan video tiktok moga kembang amiin moga hasil amiin live nya moga manfaat moga live kembang amiin
Pengguna Google,1,2026-04-06 02:05:17,Tidak memiliki fitur live,0.8493097959739014,0.0502089761226574,0.0504809447909406,0.0500002831125005,Topik 0,Netral,Positif,milik fitur live
Pengguna Google,1,2026-04-06 02:05:04,"hilangkan panduan komunitas!, aku ga suka dengan aturan!",0.7200427184853333,0.0291867567543319,0.1532562270813483,0.0975142976789864,Topik 0,Positif,Positif,hilang pandu komunitas suka atur
Pengguna Google,5,2026-04-06 02:04:34,sangat membantu,0.0833333402022546,0.0833333372188677,0.7489176971670006,0.0844156254118769,Topik 2,Positif,Positif,bantu
Pengguna Google,2,2026-04-06 02:04:10,banyak iklan SLOT/JUDI mohon diapus iklan SLOT/JUDI nya,0.5570067310700159,0.0253702609106485,0.0239220664243322,0.3937009415950033,Topik 0,Netral,Negatif,iklan slot judi mohon diapus iklan slot judi nya
Pengguna Google,5,2026-04-06 02:02:00,apk nya baguss.. cuma cuma.... fitur vn nya gak bisa minnn😭😭 apa cuma hp iphone yg bisa?.. Android gak bisaa!?.. plis dari pihak tiktok.. kita perlu penjelasan!,0.7155873845553603,0.1545933811640883,0.0538235849641598,0.0759956493163914,Topik 0,Positif,Positif,apk nya baguss fitur nya admin iphone android bisaa tolong tiktok jelas
Pengguna Google,5,2026-04-06 02:00:35,bisa menghasilkan uang,0.0651193214065704,0.0658185767437905,0.8065493798527519,0.062512721996887,Topik 2,Positif,Positif,hasil uang
Pengguna Google,5,2026-04-06 01:58:10,Saya suka dengan aplikasi ini,0.0435418495636674,0.0428610572574415,0.7056186652276006,0.2079784279512903,Topik 2,Positif,Positif,suka aplikasi
Pengguna Google,5,2026-04-06 01:56:59,"maaf buat semua tontonan nyan bagus tapi knp nggk ada buat pesen"" yaa🙂",0.5393925656165983,0.0165272411789269,0.2521474736433252,0.1919327195611495,Topik 0,Positif,Positif,maaf tonton nyan bagus sen yaa
Pengguna Google,1,2026-04-06 01:52:26,"mohon maaf ini kenapa setiap kali saya upload video, suara asli video saya dibisukan ya? mohon pencerahannya🙏",0.5886239669215517,0.2408273535495295,0.1580063734539327,0.0125423060749859,Topik 0,Positif,Positif,mohon maaf kali unggah video suara asli video bisu mohon cerah
Pengguna Google,5,2026-04-06 01:51:58,bagus bgtt,0.0833340224918894,0.083913831133763,0.7475771711970296,0.0851749751773179,Topik 2,Positif,Positif,bagus
Pengguna Google,5,2026-04-06 01:51:47,suka bngtt!!!!,0.0833345761939663,0.0853498499041288,0.7461076448254709,0.085207929076434,Topik 2,Positif,Positif,suka bngtt
Pengguna Google,5,2026-04-06 01:45:11,cocok untuk bersilaturahmi,0.0629556259265657,0.0625656012766338,0.8119769636791919,0.0625018091176085,Topik 2,Netral,Positif,cocok silaturahmi
Pengguna Google,5,2026-04-06 01:43:39,ga bgus,0.0903119633029504,0.4096878504491315,0.4166667495267353,0.0833334367211828,Topik 2,Netral,Positif,bgus
Pengguna Google,5,2026-04-06 01:40:57,okey baik,0.0833335949196619,0.0833334356423832,0.7499990169577386,0.0833339524802162,Topik 2,Netral,Positif,okey
Pengguna Google,4,2026-04-06 01:40:16,sangat baik dan puas,0.0503137832823786,0.0502999873501723,0.6166714201811256,0.2827148091863233,Topik 2,Positif,Positif,puas
Pengguna Google,3,2026-04-06 01:36:14,"Story tiktok suka ilang, sementara ak kasi bintang 3 dlu",0.5012120347845533,0.4424023734606179,0.0276139977667822,0.0287715939880464,Topik 0,Positif,Positif,cerita tiktok suka hilang kasih bintang
Pengguna Google,2,2026-04-06 01:29:19,PENGEMBALIAN DANA KE KARTU KREDIT LAMAAAAAAAAAAAAAAA,0.6704607833959176,0.0357816896574174,0.035729491848054,0.2580280350986108,Topik 0,Netral,Positif,kembali dana kartu kredit
Pengguna Google,1,2026-04-06 01:28:03,ku kasih bintang 1 krn banyak vidio bkp,0.035352383051154,0.0332620546993921,0.8953015384604074,0.0360840237890464,Topik 2,Netral,Positif,kasih bintang vidio bkp
Pengguna Google,1,2026-04-06 01:28:03,fitur chat gw kena ban lagi padahal gk ngapa ngapain,0.9298908984185354,0.0246507754424406,0.0227275012382587,0.022730824900765,Topik 0,Netral,Positif,fitur chat kena ban
Pengguna Google,3,2026-04-06 01:23:34,agak sedikit kecewa tiba² akun saya diblokir padahal tidak pernah melanggar,0.932205314628314,0.022135338075567,0.0227809974278825,0.0228783498682363,Topik 0,Negatif,Negatif,kecewa tiba akun blokir langgar
Pengguna Google,5,2026-04-06 01:22:34,mantap bos q,0.0837049080574046,0.0838286804041264,0.7480044325240802,0.0844619790143888,Topik 2,Positif,Positif,mantap bos
Pengguna Google,3,2026-04-06 01:22:25,ngebug mulu aelah,0.0635092897102518,0.8114809912084365,0.0625031924823497,0.0625065265989618,Topik 1,Negatif,Negatif,ngebug aelah
Pengguna Google,4,2026-04-06 01:13:35,tolong untuk pengunguna Android untuk bisa membuat foto live!!,0.921904854364553,0.025937709981029,0.0271145542393805,0.0250428814150373,Topik 0,Netral,Positif,tolong pengunguna android foto live
Pengguna Google,5,2026-04-06 01:10:09,bagus,0.1250000009788242,0.1250000013901184,0.624999993815306,0.1250000038157514,Topik 2,Positif,Positif,bagus
Pengguna Google,1,2026-04-06 01:10:09,sesalu di persulit untuk mulung koin,0.8908728243407603,0.0364304840143082,0.036977741778928,0.0357189498660033,Topik 0,Netral,Positif,sesalu sulit mulung koin
Pengguna Google,1,2026-04-06 01:04:27,apaan coba akun gua tiba tiba keblokir,0.9044879009114092,0.03301073910767,0.031250045399284,0.0312513145816368,Topik 0,Netral,Positif,coba akun blokir
Pengguna Google,2,2026-04-06 01:01:06,update Tan nya gak sering muncul muncul,0.0327601860187294,0.9042977625304202,0.0316791752433963,0.031262876207454,Topik 1,Netral,Positif,update tan nya muncul muncul
Pengguna Google,2,2026-04-06 00:57:17,aplikasi sering keluar sendiri,0.0502322616470807,0.8463142589391076,0.0534411412092228,0.0500123382045887,Topik 1,Netral,Negatif,aplikasi
Pengguna Google,4,2026-04-06 00:55:08,agak lemot,0.0838180285752272,0.7348145933997456,0.0895227967359262,0.0918445812891008,Topik 1,Negatif,Negatif,lambat
Pengguna Google,5,2026-04-06 00:53:55,bagus,0.1250000009788242,0.1250000013901184,0.624999993815306,0.1250000038157514,Topik 2,Positif,Positif,bagus
Pengguna Google,1,2026-04-06 00:46:53,paket gw di lama lama in anj padahal dah sampe di tempat gw,0.4412048266443507,0.5223823646275142,0.0182278447206849,0.01818496400745,Topik 1,Netral,Negatif,paket anjing
Pengguna Google,1,2026-04-06 00:46:37,"Aplikasi tiktok aneh parah, RAM saya yang tersisa sekitar 4.4 GB an tapi giliran keluar bentar ganti apk malah relog gajelas, ini jelas bukan masalah device tapi masalah optimasi TikTok nya, mau dilaporkan juga percuma karena TIDAK AKAN ADA TINDAKAN, buktinya ini sudah berlangsung selama berbulan-bulan dan tidak ada perubahan, jelas sekali tidak ada tindakan langsung dari developer, buat apa saya melaporkan lagi kalau developernya tidak becus",0.660502486355331,0.3319550571103313,0.0038516574290903,0.0036907991052474,Topik 0,Negatif,Negatif,aplikasi tiktok aneh parah ram sisa gilir bentar ganti apk relog gajelas device optimasi tiktok nya lapor tindak bukti bulan ubah tindak langsung developer lapor developer becus
Pengguna Google,5,2026-04-06 00:43:48,bagus,0.1250000009788242,0.1250000013901184,0.624999993815306,0.1250000038157514,Topik 2,Positif,Positif,bagus
Pengguna Google,1,2026-04-06 00:42:13,"tiktok gajelas bangett,malah makin jelek semenjak update,lemot,teruss tiba tiba keluar aplikasi,gajelas emang",0.0151726646191926,0.9541055231694756,0.0156905363645754,0.0150312758467563,Topik 1,Negatif,Negatif,tiktok gajelas jelek semenjak update lambat aplikasi gajelas
Pengguna Google,5,2026-04-06 00:41:47,Lemot banget aplikasinya...,0.0626255159205238,0.4907383069173471,0.383143236754591,0.0634929404075378,Topik 1,Negatif,Negatif,lambat aplikasi
Pengguna Google,1,2026-04-06 00:37:18,"banyak SDM rendah, menghina org tanpa tau kebenarannya dulu, banyak jokes cringe seperti sawit dan furab mata saya hampir rusak melihat itu semua",0.8199860415806183,0.0700889964158101,0.0107761214631391,0.0991488405404323,Topik 0,Netral,Positif,sdm rendah hina orang benar jokes cringe sawit furab mata rusak
Pengguna Google,5,2026-04-06 00:34:30,ya paten bsh,0.0647501205616127,0.2160868276024965,0.4052023313587446,0.3139607204771461,Topik 2,Netral,Positif,paten bsh
Pengguna Google,1,2026-04-06 00:26:08,"aplikasi tiktok nya nge leg parah lemot nge frame sumpah mau ngetik aja nge stak kasih update yg memperlancar aplikasi nya dong tolol tolol KLO gini terus tiktok lama lama dapet bintang 1,1",0.1196896124207081,0.8645593736645194,0.0079513197672689,0.0077996941475033,Topik 1,Negatif,Negatif,aplikasi tiktok nya nge leg parah lambat nge frame sumpah ngetik nge stak kasih update lancar aplikasi nya bodoh bodoh gin tiktok bintang
Pengguna Google,1,2026-04-06 00:16:07,Wq yerti atwrywwa2 sih awet r sr itu e sr,0.0711819764589372,0.0308775349356071,0.8695819344876604,0.0283585541177952,Topik 2,Netral,Positif,yerti atwrywwa awet
Pengguna Google,5,2026-04-06 00:13:40,Lumayan buat nambah pengetahuan,0.0509023943660904,0.0505186524226134,0.8485710760193768,0.0500078771919193,Topik 2,Netral,Positif,lumayan nambah tahu
Pengguna Google,5,2026-04-06 00:03:34,saya suka aplikasi ini,0.0520141195938104,0.0514455821051171,0.8465160880396568,0.0500242102614154,Topik 2,Positif,Positif,suka aplikasi
Pengguna Google,2,2026-04-05 23:56:58,bagus si tapi kenapa jaringan sama vidio nya selalu burem padahal jaringan sama sinyal bagus,0.0167656976598074,0.7230310634084284,0.2445677528325665,0.0156354860991976,Topik 1,Positif,Positif,bagus jaring vidio nya buram jaring jaring bagus
Pengguna Google,2,2026-04-05 23:56:41,Ini gimana si tiktok? malah lemot gini padahal jaringan lancar loh ko loading mulu tolong perbaiki ya baru aku kasih bintang lima,0.0113807515526915,0.96550928623912,0.0115718286648597,0.0115381335433285,Topik 1,Negatif,Negatif,gimana tiktok lambat gin jaring lancar loading tolong baik kasih bintang
Pengguna Google,1,2026-04-05 23:56:07,Kenapa akun tiktok saya di blokir permanen saya pernah memposting apa-apa dan tidak pernah berkomentar apa-apa dan saya tidak merasa melakukan pelanggaran tolong di perbaiki terimakasih,0.9173845573235898,0.0650196567601804,0.0089511613411956,0.008644624575034,Topik 0,Negatif,Negatif,akun tiktok blokir permanen memposting komentar langgar tolong baik terimakasih
Pengguna Google,4,2026-04-05 23:47:09,keren,0.1250000117811822,0.1250000069715059,0.6249999339844089,0.125000047262903,Topik 2,Positif,Positif,keren
Pengguna Google,5,2026-04-05 23:42:04,"permintaan saya tambah kan fitur baru ""izinkan unggah foto berkualitas tinggi"" agar saat memposting foto tidak pecah dan tidak buram itu saja",0.8821840244014326,0.095658089561666,0.0112609991611931,0.010896886875708,Topik 0,Netral,Negatif,minta fitur izin unggah foto kualitas memposting foto pecah buram
Pengguna Google,5,2026-04-05 23:40:54,kerena bagus👍👍,0.7837241592709034,0.0278425755131732,0.1605540543222808,0.0278792108936424,Topik 0,Positif,Positif,rena bagus
Pengguna Google,5,2026-04-05 23:36:26,Wakwaw,0.1250894962375219,0.125054459554677,0.6245126855525661,0.1253433586552349,Topik 2,Netral,Positif,wakwaw
Pengguna Google,5,2026-04-05 23:33:57,bagus banget tapi tolong kalau ada akun yg sama dengan yg lain itu atau idemtitasnya sama jangan di blokir akunnya,0.8632702491709336,0.0124269204172761,0.1109699656495856,0.0133328647622046,Topik 0,Netral,Positif,bagus tolong akun idemtitasnya blokir akun
Pengguna Google,5,2026-04-05 23:24:13,Apk ini sangat keren gua bisah nonton kapan pun aku mau,0.4335603385535885,0.0233082062095657,0.5221310732917583,0.0210003819450873,Topik 2,Positif,Positif,apk keren bisah nonton
Pengguna Google,5,2026-04-05 23:20:47,suka sekali dengan tiktok ini🤗,0.031905305980504,0.0324779518538305,0.4939771225657339,0.4416396195999315,Topik 2,Positif,Positif,suka tiktok
Pengguna Google,5,2026-04-05 23:20:14,"nyenye , lu ngomong lemot ya bukan tiktok tapi ha lu burik ekwkwk",0.6260348467978075,0.1975454467668936,0.0195495231630121,0.1568701832722867,Topik 0,Negatif,Negatif,nyenye ngomong lambat tiktok burik ekwkwk
Pengguna Google,1,2026-04-05 23:17:17,kalo pindah akun apknya lag parah,0.2232300610417952,0.7050451202504691,0.0360021906666459,0.0357226280410898,Topik 1,Negatif,Negatif,pindah akun apknya lambat parah
Pengguna Google,5,2026-04-05 23:17:17,loveee,0.1250033504961299,0.1250020537356536,0.1250065594631331,0.6249880363050833,Topik 3,Positif,Positif,suka
Pengguna Google,2,2026-04-05 23:08:26,kenapa tidak ada fitur runtunan,0.873750608208601,0.0429003130488968,0.0416815686903138,0.0416675100521883,Topik 0,Netral,Positif,fitur runtun
Pengguna Google,5,2026-04-05 23:07:30,"mau tanyak kenapa ya tiktok shop punya ku, sekarang ongkirnya mahal.banget?? padahal sesama Jawa..",0.9476756346682476,0.0175650184776016,0.0185948191375201,0.0161645277166305,Topik 0,Netral,Positif,tanyak tiktok toko ongkirnya mahal jawa
Pengguna Google,1,2026-04-05 23:05:28,akhir akhir ini sering lemot,0.041875367244203,0.8735958397135787,0.0428600448499768,0.0416687481922414,Topik 1,Negatif,Negatif,lambat
Pengguna Google,1,2026-04-05 23:03:54,tolong dong ini knpa ya tiktok saya bisa kya ga punya sinyal padahal paket banyak jaringan lancar tapi tetap aja ngeleg sinyal nya,0.011253135219296,0.9675449118825632,0.010774327008314,0.0104276258898269,Topik 1,Netral,Negatif,tolong knpa tiktok kya jaring paket jaring lancar ngeleg jaring nya
Pengguna Google,5,2026-04-05 22:58:31,saya sangat suka dengan tiktok ini jadi saya bisa buat Tren baru waktu itu saya pernah menghapus tiktok,0.586546063054244,0.0144722162409136,0.3819741856494027,0.0170075350554398,Topik 0,Positif,Positif,suka tiktok tren hapus tiktok
Pengguna Google,1,2026-04-05 22:55:56,tik tok mogok trus ada pemberi Tahuan cape bolak balik kluar masuk trus,0.0220184283481051,0.9422225684033012,0.0178723529756457,0.0178866502729477,Topik 1,Netral,Negatif,tik tok mogok beri tahu kesal bolak kluar masuk
Pengguna Google,1,2026-04-05 22:52:23,"aplikasi gak jelas gak ada peringatan tiba-tiba akun diblokir permanen,mana pengikut udah banyak tiktok asu emang.dan lagi jaringan bagus tapi buka tiktok serasa test Benchmark hp",0.6434997674860077,0.2804755277658093,0.0675555701232784,0.0084691346249046,Topik 0,Positif,Positif,aplikasi ingat akun blokir permanen ikut tiktok anjing jaring bagus buka tiktok serasa uji benchmark
Pengguna Google,1,2026-04-05 22:50:31,tik tok sekarang lemot baru masuk ngeleg sendiri padahal ram Masik besar dan aplikasi lain padahal tidak ngeleg tolong pihak tik tok perbaiki karena sungguh mengganggu',0.0098473066035505,0.9325155714080572,0.0095469108521361,0.0480902111362559,Topik 1,Negatif,Negatif,tik tok lambat masuk ngeleg ram masik aplikasi ngeleg tolong tik tok baik sungguh ganggu
Pengguna Google,5,2026-04-05 22:38:01,maksud anda memblokir akun ku apa aku tidak pernah melakukan kesalahan mohon kembalikan 3 akun ku mengapa kamu memblokir semua akun tiktok ku lalu aku bisa pakai apa😮‍💨😟,0.8319788657106195,0.0078066569307399,0.0076835939446735,0.152530883413967,Topik 0,Positif,Positif,maksud blokir akun salah mohon kembali akun blokir akun tiktok pakai
Pengguna Google,1,2026-04-05 22:35:24,"bismillah bisaa,ayo dong bisa",0.0430046708913348,0.5697419552410632,0.3446634611410013,0.0425899127266005,Topik 1,Positif,Positif,bismillah bisaa ayo
Pengguna Google,1,2026-04-05 22:31:49,tiktok nya knp nge crash susah dibuka,0.0316794218728052,0.9053124652702872,0.0316713773509541,0.0313367355059534,Topik 1,Negatif,Negatif,tiktok nya nge tabrak susah buka
Pengguna Google,4,2026-04-05 22:30:19,menurut aku sih ini aplikasi berguna bgt udh gitu doang😭😭😭,0.4613743638156515,0.1381842042119181,0.2266946498280314,0.1737467821443989,Topik 0,Netral,Positif,aplikasi guna gitu doang
Pengguna Google,5,2026-04-05 22:29:19,keren,0.1250000117811822,0.1250000069715059,0.6249999339844089,0.125000047262903,Topik 2,Positif,Positif,keren
Pengguna Google,5,2026-04-05 22:28:39,"inii bagus sii komennya bisa stiker,foto tapi kurang vn tambahin dong biar tambah seruu",0.5662855174558515,0.0171297571037734,0.4008472922061202,0.0157374332342547,Topik 0,Positif,Positif,ini bagus sii komennya stiker foto tambahin seruu
Pengguna Google,5,2026-04-05 22:27:06,Bagus👍🏻,0.4168337638482495,0.0313307822431778,0.520585441361511,0.0312500125470616,Topik 2,Positif,Positif,bagus
Pengguna Google,1,2026-04-05 22:12:18,"gua kesel udah beberapa Minggu ga bisa co, keterangan barang tidak bisa di kirim ke alamat yang di tuju, padahal sering belanja, sampe sekarang ga ada solusi.",0.687674223180575,0.2943947761725359,0.0089987540438696,0.0089322466030193,Topik 0,Positif,Positif,kesal minggu terang barang kirim alamat tuju belanja solusi
Pengguna Google,1,2026-04-05 22:05:24,"99% vt affiliate, scroll smpe cape yg muncul iklan doank, tetap bintang 1.",0.3091275130793032,0.6487964891186841,0.0197150189622517,0.0223609788397608,Topik 1,Netral,Negatif,affiliate gulir kesal muncul iklan doank bintang
Pengguna Google,5,2026-04-05 22:04:26,film bokef nya harus bagus' jangan sampai mengeceeakkkan konsumen okeh',0.247628497122429,0.200826162991163,0.5287958487671655,0.0227494911192424,Topik 2,Positif,Positif,film bokef nya bagus mengeceeakan konsumen oke
Pengguna Google,5,2026-04-05 22:02:32,jos jis,0.0833343573942186,0.0833339421715787,0.749994423324037,0.0833372771101656,Topik 2,Netral,Positif,jos jis
Pengguna Google,1,2026-04-05 22:00:51,saya sudah umur 19 tapi kena pelanggaran,0.9053035147178338,0.0316919568187993,0.0317534849828619,0.031251043480505,Topik 0,Netral,Positif,umur kena langgar
Pengguna Google,5,2026-04-05 21:52:15,mantap,0.1250000060051261,0.1250000035252076,0.6249999674151272,0.1250000230545389,Topik 2,Positif,Positif,mantap
Pengguna Google,1,2026-04-05 21:50:48,"Kebanyakan Pelanggaran Tiktok Skrng Jadi Suka Baperan, Harusnya Bagian Live² Gtu Lebih Di Bagusin Lagi Untuk Jangan Ngasih Pelanggaran Yg Terlalu Ketat, Gokill Ga Ngapa² in aja Lagi Live Langsung Kena Pelanggaran Yang Bener Ajaaa? Gua Kecewa Banget Sih Sering Kena Pelanggaran Jadi Di Blokir Permanent Akun Gua Yang Bernama @PuysssPirangg_ Dan akun ke dua gua, itu sekaligus 2 akunn looh di blok? Gila kalo tiktok begini mah lama² bakal jarang peminatnya. harusnya jgn terlalu ketat lahh.",0.7257644533410627,0.2512601725616036,0.0034298680836763,0.0195455060136573,Topik 0,Positif,Negatif,banyak langgar tiktok suka baperan live gitu bagusin ngasih langgar ketat gokil ngapa live langsung kena langgar kecewa kena langgar blokir permanent akun nama akun akunn looh blok gila tiktok mah lama jarang minat ketat lahh
Pengguna Google,1,2026-04-05 21:44:51,"Akun saya tiba-tiba diblokir permanen tanpa penjelasan yang jelas, padahal saya merasa tidak melakukan pelanggaran berat. Saya sudah mengajukan banding namun belum mendapatkan respon yang memuaskan. Sangat mengecewakan karena saya sudah lama menggunakan aplikasi ini. Mohon pihak TikTok bisa lebih transparan dan adil dalam menangani kasus seperti ini.",0.8435621625239841,0.0700468877549499,0.0572452365096093,0.0291457132114566,Topik 0,Netral,Negatif,akun blokir permanen jelas langgar berat aju banding respon muas kecewa aplikasi mohon tiktok transparan adil tangan
Pengguna Google,3,2026-04-05 21:30:20,"tambahin fitur pronomina dong, masa di server indo gk ada, sedangkan di server luar udh bisa, biar orang² ngk bingung sama gender kita, soalnya pasti ada konten kreator yang ngk mau pake nama asli dan ngk pernah muncul secara fisik di dalam video, jadi kek kita tinggal tambahin pronomina biar orang² ngk bingung sama gender kita",0.9606550396569404,0.0047180164375547,0.0302246372609121,0.0044023066445927,Topik 0,Positif,Positif,tambahin fitur pronomina server indonesia server orang bingung gender konten kreator pakai nama asli muncul fisik video tinggal tambahin pronomina orang bingung gender
Pengguna Google,4,2026-04-05 21:28:56,karna tidak mengasih saya fitur vn dan fitur stiker,0.9232642271147607,0.0253784617914058,0.026254574179055,0.0251027369147783,Topik 0,Netral,Positif,asih fitur fitur stiker
Pengguna Google,1,2026-04-05 21:18:42,buka yutub lancar buka ig lancar..giliran buka tiktok GA ADA KONEKSI INTERNET....gajelas lama²,0.017084144613207,0.9514924484311515,0.0157018379936915,0.0157215689619497,Topik 1,Netral,Negatif,buka youtube lancar buka lancar gilir buka tiktok koneksi internet gajelas lama
Pengguna Google,5,2026-04-05 20:58:33,Tiktot lebih nyaman denga shortvideo2nyam.,0.0423005303613744,0.0420618197077399,0.8739471832998991,0.0416904666309865,Topik 2,Netral,Positif,tiktot nyaman denga shortvideonyam
Pengguna Google,2,2026-04-05 20:52:02,tolong tiktok saya jangan lemot,0.3698362926337901,0.5456226861938315,0.0426967457021746,0.0418442754702036,Topik 1,Negatif,Negatif,tolong tiktok lambat
Pengguna Google,3,2026-04-05 20:46:44,bagus kerja cepat,0.0638692334674456,0.0630013253516794,0.81061155220165,0.0625178889792249,Topik 2,Positif,Positif,bagus kerja cepat
Pengguna Google,1,2026-04-05 20:44:26,"aplikasi ini kurang aman apalgi di tiktok toko nya itu saya terkena penipuan, toko tersebut bilang nya jual sembako lha kok malah mereka masuk ke akun saya , apa toko yg terdaftar itu semua di lolos kan dg kriteria yg sembarangan",0.8646721671820783,0.1226908450112787,0.0065306897899624,0.0061062980166804,Topik 0,Netral,Negatif,aplikasi aman tiktok toko nya kena tipu toko nya jual sembako lha masuk akun toko daftar lolos kriteria sembarang
Pengguna Google,1,2026-04-05 20:42:11,Apasi di update malah ngeleg,0.0429196886830664,0.8737277036915578,0.0416765030364236,0.041676104588952,Topik 1,Netral,Positif,apas update ngeleg
Pengguna Google,3,2026-04-05 20:41:30,kenapa sih setiap buka TikTok liat vt selalu double suara nya dari vt yg pertama dan kedua jadi gabung tlg d perbaiki males harus bolak balik kluar apk buang cache biar ga double suara lagi,0.1055403522614663,0.8799650907327816,0.0073302029689426,0.0071643540368094,Topik 1,Netral,Negatif,buka tiktok lihat double suara nya gabung tlg baik malas bolak kluar apk buang cache double suara
Pengguna Google,5,2026-04-05 20:33:22,bagus banget apk nya,0.0506191056987574,0.0527513895235352,0.8461009820910329,0.0505285226866742,Topik 2,Positif,Positif,bagus apk nya
Pengguna Google,1,2026-04-05 20:29:06,"akun aku hilang 2 dalam waktu 1 Minggu tanpa ada kejelasan kenapa akun aku dihapus, aku tidak melanggar panduan komunitas tiktok, sudah kirim banding tapi tidak ada jawaban, begitu juga dengan email...",0.9747733257824824,0.0084696443809109,0.008260097835716,0.0084969320008903,Topik 0,Netral,Positif,akun hilang minggu jelas akun hapus langgar pandu komunitas tiktok kirim banding email
Pengguna Google,5,2026-04-05 20:10:42,"tiktok tolong untuk masalah masuk ke verivikasi 2 langkah itu sebelum masuk lebih baik gunakan sandi atau pasword, biar nanti akun di pinjem ke temen GK di salah gunakan, kalo akun di salah gunakan trus akun udah di mereka dan masuk di verifikasi 2 langkah Tampa mengunakan pasword nanti bisa di ganti sama mereka, kan itu bisa di ganti untuk verifikasi 2 langkah nya, tapi kalo pake pasword kan mereka tidak bisa masuk ke verifikasi 2 langkah nya Tampa memasukan password, sudah banyak akun d curi.",0.8317046287096634,0.1436554614481448,0.0215876552571719,0.0030522545850197,Topik 0,Positif,Positif,tiktok tolong masuk verivikasi langkah masuk sandi pasword akun pinjam teman salah akun salah akun masuk verifikasi langkah tampa mengunakan pasword ganti ganti verifikasi langkah nya pakai pasword masuk verifikasi langkah nya tampa pasu password akun curi
Pengguna Google,5,2026-04-05 20:10:42,top,0.6173140836211123,0.1250001002517656,0.1322966896415955,0.1253891264855264,Topik 0,Netral,Positif,top
Pengguna Google,4,2026-04-05 20:09:40,lihat dulu,0.095304098171048,0.7301705175905064,0.0911915042379202,0.0833338800005253,Topik 1,Netral,Positif,lihat
Pengguna Google,5,2026-04-05 20:06:56,mantap,0.1250000060051261,0.1250000035252076,0.6249999674151272,0.1250000230545389,Topik 2,Positif,Positif,mantap
Pengguna Google,5,2026-04-05 20:05:03,mantaaaaapp,0.1252819563588185,0.6230535740690221,0.1255430233459974,0.126121446226162,Topik 1,Netral,Positif,mantap
Pengguna Google,2,2026-04-05 19:52:33,SEMOGA KEDEPANNYA ADA PENGATURAN OTOMATIS UNTUK LIVE DAN PRIVASI SEMAKIN DI TINGKATKAN.,0.5594712912396487,0.0202791617060498,0.4009954493539069,0.0192540977003945,Topik 0,Netral,Positif,moga depan atur otomatis live privasi tingkat
Pengguna Google,5,2026-04-05 19:51:33,baguss,0.1250000149606433,0.1250000093031158,0.6248990606105339,0.1251009151257068,Topik 2,Positif,Positif,baguss
Pengguna Google,1,2026-04-05 19:34:33,"APLIKASI GAJELAS, UMUR GW UDAH DIATAS 18 DAN GW JUGA GA PERNAH NGELAKUIN KESALAHAN APAPUN TAPI TIBA"" DI BAN KAN ANJ",0.964520619645982,0.0119676574480721,0.0121264492999824,0.0113852736059633,Topik 0,Netral,Positif,aplikasi gajelas umur atas ngelakuin salah apa ban anjing
Pengguna Google,1,2026-04-05 19:11:46,"setelah update,dan sudah melaporkan masalah, KENAPA TIKTOK SAYA GAMBAR SHOP nya ilang, tolong di perbaiki BUG nya..saya tidak bisa belanja",0.4864827927138238,0.4914030243990568,0.0112192146722985,0.0108949682148207,Topik 1,Negatif,Negatif,update lapor tiktok gambar toko nya hilang tolong baik error nya belanja
Pengguna Google,5,2026-04-05 19:05:55,bagusss,0.1250000176363626,0.125000010742808,0.1250000355081519,0.6249999361126772,Topik 3,Positif,Positif,bagus
Pengguna Google,1,2026-04-05 19:05:47,"ukuran aplikasi doang yang gede, nyatanya semakin di-update semakin lemot.",0.0239136357357339,0.9326976752233,0.0225494700259675,0.0208392190149985,Topik 1,Negatif,Negatif,ukur aplikasi doang gede update lambat
Pengguna Google,5,2026-04-05 18:57:15,cukup mudah,0.0838296812044832,0.0833430814459136,0.7494885701956325,0.0833386671539706,Topik 2,Netral,Positif,mudah
Pengguna Google,5,2026-04-05 18:55:44,Yusuf Mulyadi 🫟*®,0.2494149833049491,0.0501616048686703,0.0500138734649712,0.6504095383614092,Topik 3,Netral,Negatif,yusuf mulyadi
Pengguna Google,5,2026-04-05 18:37:38,gacor lh,0.086391582333754,0.0921745793986717,0.094300635055605,0.7271332032119692,Topik 3,Netral,Positif,gacor
Pengguna Google,5,2026-04-05 18:35:37,Keren,0.1250000117811822,0.1250000069715059,0.6249999339844089,0.125000047262903,Topik 2,Positif,Positif,keren
Pengguna Google,5,2026-04-05 18:31:54,mudah untuk mencari sesuatu,0.0517308387985648,0.0501114317807025,0.8481573889004638,0.0500003405202689,Topik 2,Netral,Positif,mudah cari
Pengguna Google,5,2026-04-05 18:27:27,kreatif dan hiburan,0.0628884695219937,0.0628712030395763,0.8115632091364966,0.0626771183019331,Topik 2,Netral,Positif,kreatif hibur
Pengguna Google,5,2026-04-05 18:16:08,aplikasi yg sangat keren,0.051547518867447,0.0506337546250615,0.8475260871669736,0.0502926393405175,Topik 2,Positif,Positif,aplikasi keren
Pengguna Google,1,2026-04-05 18:11:21,"akun affiliate gua bentar"" kena pelanggaran padahal gua jualan jujur adminnya malah enak"" an pake ai",0.7950601025344858,0.1714267536449405,0.0186997832597309,0.0148133605608428,Topik 0,Netral,Negatif,akun affiliate bentar kena langgar jual jujur adminnya enak pakai
Pengguna Google,5,2026-04-05 18:10:19,sukak aja,0.0867020865624485,0.389048453103719,0.4408700975563204,0.0833793627775119,Topik 2,Positif,Positif,sukak
Pengguna Google,5,2026-04-05 18:08:17,good job,0.7442678742325181,0.0833334123711343,0.0833336162044458,0.0890650971919016,Topik 0,Positif,Positif,good kerja
Pengguna Google,5,2026-04-05 18:08:00,min aku udah Lat di tiktok vn caranya tapi kok aku blom ada,0.9449198825726324,0.0188980577944561,0.0182527662325001,0.0179292934004115,Topik 0,Netral,Positif,admin lat tiktok blom
Pengguna Google,5,2026-04-05 17:54:45,"kak saya mohon sekali ini direspont,kenapa tbtb saya kena pelanggaran spam.komentar sudah saya banding belum.ada perubahan,mohon segera ditindaklanjuti karena ini menghambat views saya juga,dan saya sedih srrta bingung harus bagaimana lagi😭😭🙏🏻🙏🏻🙏🏻🙏🏻plis kak,allahuakbar",0.5273136601860033,0.0358665512465106,0.401150741330552,0.0356690472369339,Topik 0,Positif,Positif,kakak mohon direspont tbtb kena langgar spam komentar banding ubah mohon ditindaklanjuti hambat views sedih srrta bingung lagiplis kakak allahuakbar
Pengguna Google,5,2026-04-05 17:52:31,aplikasi lemot lelet,0.0628955828134566,0.8038184597905775,0.0707649792611022,0.0625209781348634,Topik 1,Negatif,Negatif,aplikasi lambat lambat
Pengguna Google,1,2026-04-05 17:52:01,lemot sekali padahal wifi dan paketan ada tapi lemot banget tolong perbaiki lagi donk tiktok,0.0163775060909572,0.9505642925341216,0.0172932187914371,0.0157649825834841,Topik 1,Negatif,Negatif,lambat wifi paket lambat tolong baik donk tiktok
Pengguna Google,5,2026-04-05 17:46:46,sangat bagus,0.08333333426591,0.083333334116811,0.7489177344334214,0.0844155971838575,Topik 2,Positif,Positif,bagus
Pengguna Google,5,2026-04-05 17:46:21,bagus sekali nyaman dipakai anak anak,0.3653942008941934,0.0365793083648698,0.5623076797250932,0.0357188110158435,Topik 2,Positif,Positif,bagus nyaman pakai anak anak
Pengguna Google,2,2026-04-05 17:43:47,kenapa punya saya tiktok shop nya tidak ada,0.9141437009094447,0.0294321676073476,0.02856713697372,0.0278569945094876,Topik 0,Netral,Positif,tiktok toko nya
Pengguna Google,5,2026-04-05 17:40:21,luar bisa membantu,0.0643522139954528,0.0658112895457207,0.8073238418293626,0.0625126546294637,Topik 2,Positif,Positif,bantu
Pengguna Google,1,2026-04-05 17:39:04,tidak ada gunanya tiktok. cuma liat org joget2 kaya org gila..... dulu suka pake tiktokshop. skrg muak krn suka ngeprenk. gratis ongkir gk ada. harga batang jyga mahal. hapus aja,0.6765088494448454,0.306753899277679,0.0086481872860171,0.0080890639914586,Topik 0,Positif,Positif,guna tiktok lihat orang joget orang gila suka pakai tiktokshop muak suka ngeprenk gratis ongkir harga batang jyga mahal hapus
Pengguna Google,5,2026-04-05 17:38:15,"Oke ini bagus banget tik tok-nya, sangat-sangat very very bagus dan sangat bagus sekali hingga bagusnya melebihi dari Bagusnya si bagus.",0.0109318240447936,0.1227981761362674,0.7243120509493307,0.1419579488696081,Topik 2,Positif,Positif,oke bagus tik tok nya bagus bagus bagus lebih bagus bagus
Pengguna Google,2,2026-04-05 17:32:43,"tolong dong,di benahi lagii!! makin kesini makin banyak iklan j*di online nya!!! aneh emang!!",0.1432324856971717,0.8243135355370786,0.0164067168481279,0.0160472619176217,Topik 1,Negatif,Negatif,tolong benah kesini iklan daring nya aneh
Pengguna Google,2,2026-04-05 17:29:06,"banyak sekali bug disini, dan lag dari tiktok juga banyak, masa gabisa login ke akun utama yg itu bener' penting buat saya, bener bener mengganggu, tolong perbaiki ya tiktok dgn bugnya, kalo udh gaada bug saya balik lagi dan kasih bintang 5",0.4554436945771764,0.5319337692639745,0.0065454222185823,0.0060771139402668,Topik 1,Negatif,Negatif,error lambat tiktok tidak bisa masuk akun utama ganggu tolong baik tiktok bugnya tidak ada error kasih bintang
Pengguna Google,5,2026-04-05 17:25:21,bagus 👍,0.6498619320311144,0.0501378733066215,0.2500001833927758,0.0500000112694881,Topik 0,Positif,Positif,bagus
Pengguna Google,1,2026-04-05 17:20:48,iya tau princess gua cakep jangan di pengaruhin yg ngga ngga dong,0.2654188717766354,0.5321120159462966,0.0195600451873822,0.1829090670896857,Topik 1,Netral,Positif,iya princess cakep pengaruhin
Pengguna Google,2,2026-04-05 17:14:41,jarang bisa mee update aplikasi,0.0434481126032931,0.8699895841827235,0.0448606013894635,0.0417017018245198,Topik 1,Positif,Positif,jarang mee update aplikasi
Pengguna Google,5,2026-04-05 17:14:34,suka dengan berbagai fitur,0.2869917262161504,0.0506822638437237,0.4228895171007456,0.2394364928393804,Topik 2,Positif,Positif,suka fitur
Pengguna Google,4,2026-04-05 17:14:18,aplikasinya udah bagus tapi kok perangkat saya diblokir?,0.6333047230584505,0.0304087742028964,0.3085078639569288,0.0277786387817241,Topik 0,Positif,Positif,aplikasi bagus perangkat blokir
Pengguna Google,5,2026-04-05 17:10:09,thank you,0.083333413437635,0.0833333813750557,0.0833334909583686,0.7499997142289406,Topik 3,Netral,Positif,thank
Pengguna Google,1,2026-04-05 17:09:30,kenapa menyala terus suaranya di tiktok padahal sudah keluar dari aplikasi tersebut,0.3785335104968434,0.5821332122345839,0.0199124616266505,0.0194208156419222,Topik 1,Netral,Negatif,nyala suara tiktok aplikasi
Pengguna Google,5,2026-04-05 17:07:53,bagus aja si,0.064377443328445,0.5103309798957554,0.3627851943886662,0.0625063823871333,Topik 1,Positif,Positif,bagus
Pengguna Google,5,2026-04-05 17:07:49,sangat bagus menambah banyak teman,0.0422536952890656,0.0418869806662408,0.873983829151945,0.0418754948927484,Topik 2,Positif,Positif,bagus tambah teman
Pengguna Google,5,2026-04-05 17:07:20,mantap tiktok bisa menghasilkan uang walaupun cuma scroll doang,0.0261105042227773,0.4182575113047732,0.5305248001334512,0.0251071843389984,Topik 2,Positif,Positif,mantap tiktok hasil uang gulir doang
Pengguna Google,5,2026-04-05 16:59:40,Aplikasi yang sangat bagus lancar dan cepat 👍👍,0.5471897638129383,0.1019776936108409,0.3328595201500657,0.017973022426155,Topik 0,Positif,Positif,aplikasi bagus lancar cepat
Pengguna Google,5,2026-04-05 16:58:48,bagus,0.1250000009788242,0.1250000013901184,0.624999993815306,0.1250000038157514,Topik 2,Positif,Positif,bagus
Pengguna Google,2,2026-04-05 16:56:16,"mulai agak rusak nih tiktok,... loadingnya lama..............",0.0320307243635239,0.9040359514633832,0.0319736419942889,0.031959682178804,Topik 1,Netral,Negatif,rusak tiktok loadingnya
Pengguna Google,5,2026-04-05 16:56:00,sangat memuaskan mantap,0.062500013957064,0.0625000083379608,0.5173435271869035,0.3576564505180716,Topik 2,Positif,Positif,muas mantap
Pengguna Google,5,2026-04-05 16:55:50,mantap,0.1250000060051261,0.1250000035252076,0.6249999674151272,0.1250000230545389,Topik 2,Positif,Positif,mantap
Pengguna Google,3,2026-04-05 16:54:26,"mohon lebih di perbarui min biyar tambah seru ni aplikasi nya .dulu bikin viti sambil rokok aja g PP sekarang susah sekejap"" viti selalu tidak memenuhi syarat .q kasih buat bintang 🌟🌟🌟 3 aja soalnya g kyakndulu lagi miskin banyak praturan",0.3245080363641877,0.4710032976704748,0.006274789205015,0.1982138767603223,Topik 1,Negatif,Negatif,mohon baru admin biyar seru aplikasi nya viti rokok susah kejap viti penuh syarat kasih bintang kyakndulu miskin praturan
Pengguna Google,5,2026-04-05 16:51:02,kenapa sekarang tik tok sering bug tiba tiba mentok logo tik tok terus hp tiba tiba mati total,0.0133926748681003,0.9602728045474692,0.0131580406675468,0.0131764799168835,Topik 1,Negatif,Negatif,tik tok error mentok logo tik tok mati total
Pengguna Google,5,2026-04-05 16:44:51,aku kasih bintang lima soal seru bgt,0.032927935156467,0.0327694016243709,0.6150496905343736,0.3192529726847883,Topik 2,Netral,Positif,kasih bintang seru
Pengguna Google,5,2026-04-05 16:31:47,bagussss,0.1250001072772995,0.1250000640192345,0.6240168647300038,0.125982963973462,Topik 2,Positif,Positif,bagus
Pengguna Google,1,2026-04-05 16:28:35,tidak bisa diinstal,0.0738721401915385,0.8004313877936468,0.0631896795701704,0.0625067924446442,Topik 1,Positif,Positif,diinstal
Pengguna Google,1,2026-04-05 16:28:32,apk taiii jaringan normal semua di apk lain pas buka tiktok malah kyak ga ada paket ga jelas bngkee,0.0138625097511173,0.9608094122270852,0.0127900778660092,0.012538000155788,Topik 1,Netral,Negatif,apk tahi jaring normal apk buka tiktok kyak paket bngkee
Pengguna Google,5,2026-04-05 16:27:13,membantu banget ni tiktok,0.0517414385090909,0.3720500626398365,0.5254135992111836,0.0507948996398889,Topik 2,Positif,Positif,bantu tiktok
Pengguna Google,1,2026-04-05 16:26:41,terlalu mudah kasih pelanggaran dan banned,0.5648647024788656,0.0363974900658154,0.3625818410840294,0.0361559663712895,Topik 0,Netral,Positif,mudah kasih langgar banned
Pengguna Google,3,2026-04-05 16:26:19,DI ANDROI TIKTOK BUG BANGET MAU SEGEDE RAM HP KAYA APAPUN KAYANYA GAK RECOM KAYA IPHONE,0.017809985726609,0.9519481938189192,0.0153586690340487,0.0148831514204231,Topik 1,Negatif,Negatif,androi tiktok error gede ram apa recom iphone
Pengguna Google,1,2026-04-05 16:24:07,tok ini knpa gw ga bisa buka tiktok shop njiirr yg logo toko gw kan mau co njiirr😒,0.2948581102611269,0.5814086080972763,0.0122370525012542,0.1114962291403423,Topik 1,Positif,Positif,tok knpa buka tiktok toko njiirr logo toko njiirr
Pengguna Google,1,2026-04-05 16:19:07,elek temen kie apk koh,0.0434006903120983,0.0441062110982852,0.6819702641420365,0.2305228344475799,Topik 2,Netral,Positif,elek teman kie apk koh
Pengguna Google,1,2026-04-05 16:13:41,kok saya ganti aku lama ya aneh sekarang tik tok ini..,0.0234520459226529,0.934024872608219,0.0216303119925239,0.0208927694766041,Topik 1,Netral,Positif,ganti aneh tik tok
Pengguna Google,5,2026-04-05 16:11:51,suka bngt sm tiktok ini tp syng nya setiap mau repost harus dari tombolnya,0.1120584842878292,0.852366434201981,0.0183329930642816,0.0172420884459081,Topik 1,Positif,Positif,suka tiktok syng nya repost tombol
Pengguna Google,3,2026-04-05 16:10:56,"semakin di update kualitas video jadi jelek bgt, dan patah patah video jadi ngga terlihat hd seperti biasanya, mohon di perbaiki yaa, mau liat video nya ngga enak bgt",0.1954448699982678,0.7323251688181545,0.0089305483386511,0.0632994128449264,Topik 1,Negatif,Negatif,update kualitas video jelek patah patah video mohon baik yaa lihat video nya enak
Pengguna Google,1,2026-04-05 16:08:49,"untuk aplikasinya, sebenarnya udah bagus dan lebih lengkap dari pada yang lite. Namun, apknya sangat berat saat di gunakan, aku seringkali mengalami crash, force close, dan gagal login saat log-in akun. Kadang juga stuck di logo. Membuatku jadi makin kesal. Aku tau kalau apk ini beda sama versi lite nya dan memang seharusnya lebih berat. Tapi pliss lah, karena di tiktok ini, fiturnya lebih lengkap. Mohon untuk developer agar apk ini di perkecil dan di lancarkan untuk hp kelas bawah. Terimakasih.",0.2127855055394469,0.5565477458662137,0.2275766194543271,0.0030901291400121,Topik 1,Negatif,Negatif,aplikasi bagus lengkap lite apknya berat seringkali alami tabrak force close gagal masuk log akun kadang stuck logo buat kesal apk beda versi lite nya berat tolong tiktok fiturnya lengkap mohon developer apk kecil lancar kelas terimakasih
Pengguna Google,3,2026-04-05 16:05:37,kurang cepat ketika mau login,0.0443930879720984,0.5555264368515144,0.3584136236652332,0.0416668515111539,Topik 1,Netral,Positif,cepat masuk
Pengguna Google,5,2026-04-05 16:05:15,ini di update ga sih kok ga bisa komen foto,0.3781502805319839,0.575763987854684,0.0233518381952119,0.0227338934181203,Topik 1,Positif,Positif,update komen foto
Pengguna Google,5,2026-04-05 16:04:02,sangat bagus,0.08333333426591,0.083333334116811,0.7489177344334214,0.0844155971838575,Topik 2,Positif,Positif,bagus
Pengguna Google,2,2026-04-05 16:03:13,"Semakin diperbarui semakin aneh, gk asik banget nih tiktok, masa keluar sendiri, perbaiki lah!!!",0.0170922304608705,0.9469542592294792,0.019108229878928,0.0168452804307224,Topik 1,Netral,Negatif,baru aneh asyik tiktok baik
Pengguna Google,5,2026-04-05 16:01:46,teman di saat santai,0.4159529367578041,0.054977661972887,0.4790689600078958,0.050000441261413,Topik 2,Netral,Positif,teman santai
Pengguna Google,5,2026-04-05 16:00:41,seru,0.1250000030907642,0.1250000018776363,0.1250094158692616,0.6249905791623377,Topik 3,Netral,Positif,seru
Pengguna Google,5,2026-04-05 16:00:02,"ini sangat berguna untuk Mengakgrep informasi dari artis-artis bisa menonton live idola contoh aku, seblang mbk putri, atau yg lain-lainnya bisa menambah pengetahuan tentang alam contohnya dan bisa menjadi hiburan untuk yg di rumah aja kaum rebahan seperti ku",0.437070504119183,0.006178716004941,0.5506270897901514,0.0061236900857245,Topik 2,Positif,Positif,guna mengakgrep informasi artis artis tonton live idola contoh seblang mbk putri tambah tahu alam contoh hibur rumah kaum rebah
Pengguna Google,5,2026-04-05 15:59:02,aku kasih bintang 5😃,0.0388726102509892,0.0370647575391293,0.2065974114238825,0.717465220785999,Topik 3,Netral,Positif,kasih bintang
Pengguna Google,5,2026-04-05 15:58:17,bagus,0.1250000009788242,0.1250000013901184,0.624999993815306,0.1250000038157514,Topik 2,Positif,Positif,bagus
Pengguna Google,5,2026-04-05 15:53:57,This application is good but it can't install,0.0280765846097589,0.1388683608128088,0.0277778249607331,0.8052772296166991,Topik 3,Positif,Positif,this application good but install
Pengguna Google,2,2026-04-05 15:53:07,tolong dong tiktok mb nya jangan gede' ini suka lag juga trs lemot,0.0185401612923832,0.9447525988539413,0.0188185048971471,0.0178887349565284,Topik 1,Negatif,Negatif,tolong tiktok nya gede suka lambat lambat
Pengguna Google,3,2026-04-05 15:47:50,kok di orang bisa vn diaku gak,0.903798461322436,0.0332914779485716,0.0315430485816459,0.0313670121473465,Topik 0,Positif,Positif,orang dia
Pengguna Google,5,2026-04-05 15:43:40,saya kasih binta lima bagus aplikasi nya,0.0323871032330136,0.0320740516769362,0.9041380158745612,0.0314008292154887,Topik 2,Positif,Positif,kasih binta bagus aplikasi nya
Pengguna Google,5,2026-04-05 15:41:30,keren mantap handalllllll,0.0625128071282868,0.0625078092322888,0.8124311477317946,0.0625482359076297,Topik 2,Positif,Positif,keren mantap handal
Pengguna Google,1,2026-04-05 15:41:27,sering terkena pembatasan usia,0.6501145998743346,0.2498850664881968,0.0500001121760054,0.050000221461463,Topik 0,Netral,Negatif,kena batas usia
Pengguna Google,4,2026-04-05 15:36:31,ko gada tiktok shop nya sii ini knpaaa plissss,0.3508332177527975,0.5972849740091666,0.0262943214033391,0.0255874868346967,Topik 1,Netral,Positif,tidak ada tiktok toko nya sii knpa tolong
Pengguna Google,3,2026-04-05 15:31:43,menginstalny lama banget tapi ku kasih bintang 3 karna tiktok bisa tonton bisa juga pesan paket,0.3381019895471623,0.4137294298945179,0.2314836522897827,0.0166849282685369,Topik 1,Positif,Positif,menginstalny kasih bintang tiktok tonton pesan paket
Pengguna Google,1,2026-04-05 15:30:10,pengalaman rugi main tiktok.mulung koin asyik zonk terus,0.609002708274096,0.1152429813652,0.1441249273821327,0.1316293829785711,Topik 0,Netral,Positif,alam rugi main tiktok mulung koin asyik zonk
Pengguna Google,5,2026-04-05 15:28:54,betul betul sangat memudahkan komunikasi,0.0422742922807374,0.04193977846114,0.8739299880015495,0.041855941256573,Topik 2,Netral,Positif,mudah komunikasi
Pengguna Google,1,2026-04-05 15:27:32,"apk tidak menghasilkan uang,cari koin aja GK dapat zonk terus mulung koin",0.6683196548772269,0.1251103203559957,0.1886545511788598,0.0179154735879175,Topik 0,Netral,Positif,apk hasil uang cari koin zonk mulung koin
Pengguna Google,1,2026-04-05 15:26:49,"update terus setiap saat,mulung koin aja kagak bisa",0.3850054212202029,0.5646899707965329,0.0252982023024979,0.0250064056807661,Topik 1,Positif,Positif,update mulung koin kagak
Pengguna Google,5,2026-04-05 15:26:23,puas,0.1250000197691961,0.1250000118467657,0.1250000431835362,0.624999925200502,Topik 3,Positif,Positif,puas
Pengguna Google,1,2026-04-05 15:25:27,"mau memperkaya diri sendiri aja kau tiktok,kami pemulung koin sangat kecewa gak bisa dapat koin seperti dulu",0.6657965664419861,0.2189645292754994,0.1017980343499189,0.0134408699325954,Topik 0,Netral,Positif,kaya kau tiktok pulung koin kecewa koin
Pengguna Google,1,2026-04-05 15:24:06,jelek tiktok masak mulung koin aja dibatasi,0.6807113499277393,0.2561762461447345,0.0317098546562376,0.0314025492712885,Topik 0,Negatif,Negatif,jelek tiktok masak mulung koin batas
Pengguna Google,5,2026-04-05 15:22:57,aplikasi tiktok ini sangat cocok di kehidupan sehari hari saya,0.02365824398219,0.3270773775979828,0.6264069896866876,0.0228573887331394,Topik 2,Netral,Positif,aplikasi tiktok cocok hidup hari
Pengguna Google,1,2026-04-05 15:22:24,"gak bisa mulung koin seperti dulu,udetan nya buruk kali",0.5649104141412302,0.3886313324264742,0.0237216806852066,0.0227365727470888,Topik 0,Netral,Negatif,mulung koin udet nya buruk kali
Pengguna Google,5,2026-04-05 15:21:04,keren aja,0.0867021768694249,0.3890093631797826,0.4409430120166439,0.0833454479341483,Topik 2,Positif,Positif,keren
Pengguna Google,1,2026-04-05 15:20:44,"kami pemulung koin sangat kecewa karena tidak dapat koin lagi seperti dulu,buruk kali mau kaya sendiri",0.5266744709429908,0.3538093287671608,0.1053269865630555,0.0141892137267928,Topik 0,Negatif,Negatif,pulung koin kecewa koin buruk kali
Pengguna Google,4,2026-04-05 15:20:18,sementara saya beri bintang 4 dulu ya kalau suatu saat ketika ada kemajuan.,0.7792148493634361,0.1805779040284343,0.0197087208731993,0.0204985257349302,Topik 0,Netral,Negatif,bintang maju
Pengguna Google,3,2026-04-05 15:20:01,Sangat sering mengalami Crash bahkan lag yang tidak diketahui penyebabnya,0.3940894520946874,0.4583618548377744,0.1242251645775047,0.0233235284900335,Topik 1,Netral,Negatif,alami tabrak lambat sebab
Pengguna Google,1,2026-04-05 15:18:21,"apk gak bisa cari duit,masak mulung koin gak dapat terus walapun akun baru",0.7219889011273485,0.243187210091848,0.0181049424585761,0.0167189463222271,Topik 0,Positif,Positif,apk cari uang masak mulung koin walapun akun
Pengguna Google,5,2026-04-05 15:16:53,saya pen live tapi tida bisa,0.8900305387848056,0.0375100159751521,0.0367403195660786,0.0357191256739635,Topik 0,Positif,Positif,live tida
Pengguna Google,1,2026-04-05 15:16:31,"Parah banget tiktok, gak bisa mulung koin di akun baru dan lama",0.411193180133143,0.5486740436296086,0.0205996394855691,0.0195331367516791,Topik 1,Netral,Positif,parah tiktok mulung koin akun
Pengguna Google,1,2026-04-05 15:14:57,"kalau ada apk lain sejenis tiktok yang bisa mulung koin , tiktok gua uninstall",0.702562133142988,0.2610176890203052,0.0184453397840119,0.0179748380526948,Topik 0,Positif,Positif,apk jenis tiktok mulung koin tiktok uninstall
Pengguna Google,5,2026-04-05 15:14:22,bagus,0.1250000009788242,0.1250000013901184,0.624999993815306,0.1250000038157514,Topik 2,Positif,Positif,bagus
Pengguna Google,5,2026-04-05 15:13:20,ngpe tiktok ii banyak ngelek eee saya nak nntn tiktok jd tk ise btw tiktok saya ke blok yaw mn permanen hmm saya cmn minta akun saya dibalikin klo nd dibalik ini untuk nd pape asalkan tiktok ak nd keblok pilsss buka blok nyaaa saya mau main tiktok,0.435835232673176,0.3891605994024833,0.1697476297679699,0.0052565381563707,Topik 0,Netral,Positif,ngpe tiktok ngelek anak nntn tiktok ise omong tiktok blok yaw permanen hmm akun dibalikin balik tiktok blok pils buka blok nya main tiktok
Pengguna Google,1,2026-04-05 15:12:53,"akun baru masak gak bisa mulung koin, tiktok bintang 1",0.9188836156638474,0.028245606404374,0.0254775485305127,0.027393229401266,Topik 0,Positif,Positif,akun masak mulung koin tiktok bintang
Pengguna Google,1,2026-04-05 15:11:42,2026 gak bisa mulung koin parah banget update tiktok,0.4460498633357605,0.5018489155490058,0.026622271104386,0.0254789500108476,Topik 1,Netral,Positif,mulung koin parah update tiktok
Pengguna Google,1,2026-04-05 15:10:03,"kami sebagai pemulung koin sangat dirugikan, tolong perbaiki seperti dulu bisa mulung koin walaupun akun baru",0.6736824738695616,0.2172306776696146,0.094079499702504,0.0150073487583196,Topik 0,Netral,Positif,pulung koin rugi tolong baik mulung koin akun
Pengguna Google,3,2026-04-05 15:08:06,streak pet ku ga bisa💔,0.6202185552117556,0.0330406774496221,0.0316765296176109,0.3150642377210111,Topik 0,Positif,Positif,streak pet
Pengguna Google,1,2026-04-05 15:07:54,"kami pemulung koin sangat dirugikan karena tidak bisa mulung koin, zonk terus",0.8447845884283102,0.0235400128746949,0.1119781532856025,0.0196972454113923,Topik 0,Positif,Positif,pulung koin rugi mulung koin zonk
Pengguna Google,5,2026-04-05 15:07:39,keran coyyyy bisa belajar sambil nonton gokil🙂,0.023078617963493,0.0233737505141732,0.6054154763410018,0.3481321551813319,Topik 2,Positif,Positif,keran coy ajar nonton gokil
Pengguna Google,1,2026-04-05 15:06:59,mohon maff tolong kembalikan aplikasi tiktok saya karena saya donwload lagi tidak bisa tolong bantuan nya,0.501588209863772,0.4681745014522384,0.0154991858521102,0.0147381028318794,Topik 0,Netral,Negatif,mohon maff tolong kembali aplikasi tiktok donwload tolong bantu nya
Pengguna Google,5,2026-04-05 15:05:46,aplikasi sangat bagus,0.0626182188485379,0.06290845530275,0.811465250357177,0.063008075491535,Topik 2,Positif,Positif,aplikasi bagus
Pengguna Google,5,2026-04-05 15:04:49,Gak bisa buka tiktok gimana nih cuman ad logo tiktok tolong di perbaikin,0.0186957558787394,0.9453213097693148,0.018065361266453,0.0179175730854927,Topik 1,Netral,Negatif,buka tiktok gimana logo tiktok tolong perbaikin
Pengguna Google,1,2026-04-05 15:02:27,"tidak bisa menyimpan foto draf ke galeri.setelah mencoba malah memosting bukan malah menyimpan, setelah di hapus malah hilang se foto² nya",0.7116918391062328,0.2664478754679187,0.0109759838119683,0.0108843016138802,Topik 0,Positif,Positif,simpan foto draf galeri coba memosting simpan hapus hilang foto nya
Pengguna Google,5,2026-04-05 15:02:18,Uni lama banget dan juga lemot,0.0362791884053274,0.5263000139698276,0.4013559060721999,0.0360648915526448,Topik 1,Negatif,Negatif,universitas lambat
Pengguna Google,5,2026-04-05 14:57:50,"baguss bangett apalagi bareng temen tiktokan, walaupun dowload nya lama tapi seruuu",0.0199775652320543,0.2315376217845462,0.6453121414027873,0.1031726715806121,Topik 2,Positif,Positif,baguss bareng teman tiktokan dowload nya seru
Pengguna Google,5,2026-04-05 14:53:17,kenape tiktok di smart TV di blokir dan ga di buka buka saya sangat ingin menonton tiktok di TV kembali,0.235710730214902,0.5958188223188736,0.1561882995057575,0.0122821479604667,Topik 1,Netral,Positif,kenape tiktok smart blokir buka buka tonton tiktok
Pengguna Google,1,2026-04-05 14:48:39,HILANGKAN IKLAN JUDIIIIII! APLIKASI YANG BANYAK ANAK MUDANYA MALAH DI BEBAS TAYANGKAN IKLAN JUDI. MAU BIKIN GENERASI MUDA INDONESIA PENJUDI SEMUA?! BIKIN GAK NYAMAN AJA,0.7810382392703716,0.010499144259738,0.0112077997257749,0.1972548167441153,Topik 0,Netral,Negatif,hilang iklan judi aplikasi anak muda bebas tayang iklan judi generasi muda indonesia judi nyaman
Pengguna Google,2,2026-04-05 14:46:25,bagus tapi akun ku keblokir tiktok,0.6692882882754841,0.0368975090606747,0.2579299927241721,0.0358842099396689,Topik 0,Positif,Positif,bagus akun blokir tiktok
Pengguna Google,5,2026-04-05 14:43:25,terlalu mantap,0.0922935699188401,0.0880700411286119,0.7333083363564135,0.0863280525961345,Topik 2,Positif,Positif,mantap
Pengguna Google,4,2026-04-05 14:43:24,lemot cmna kasih 4 ajj bias semangat,0.036941623592786,0.5045952657703341,0.4224824973878932,0.0359806132489866,Topik 1,Negatif,Negatif,lambat cmna kasih anjing bias semangat
Pengguna Google,5,2026-04-05 14:41:41,bagus👍,0.6498619320311144,0.0501378733066215,0.2500001833927758,0.0500000112694881,Topik 0,Positif,Positif,bagus
Pengguna Google,4,2026-04-05 14:39:38,terlalu sering update hampir setiap hari,0.0364711472527808,0.8915734817221214,0.0359796600095236,0.0359757110155742,Topik 1,Netral,Negatif,update
Pengguna Google,5,2026-04-05 14:39:07,bagus,0.1250000009788242,0.1250000013901184,0.624999993815306,0.1250000038157514,Topik 2,Positif,Positif,bagus
Pengguna Google,5,2026-04-05 14:36:17,sumpah yhhh tt skrng anehh bingggitzzzz gtw knp tbtb ssekali buat akun langsung ke block kaya aneh aja gt masa akun orang dewasa hilang shhhhh pdhl umur gw udh tua bjirrrr,0.7025544863498476,0.2815744860402301,0.0080000308361292,0.0078709967737928,Topik 0,Netral,Negatif,sumpah anehh bingitz gtw tbtb ssekali akun langsung block aneh gitu akun orang dewasa hilang umur tua bjir
Pengguna Google,4,2026-04-05 14:33:53,bagus,0.1250000009788242,0.1250000013901184,0.624999993815306,0.1250000038157514,Topik 2,Positif,Positif,bagus
Pengguna Google,1,2026-04-05 14:31:57,lemot banget padahal wifi nya lancar,0.0364479203358882,0.8895309464997405,0.037771314978493,0.0362498181858782,Topik 1,Negatif,Negatif,lambat wifi nya lancar
Pengguna Google,1,2026-04-05 14:31:30,bintang 1 karena banyak iklan judolnya,0.0441195245847778,0.0429963376122881,0.365951661991778,0.5469324758111559,Topik 3,Netral,Negatif,bintang iklan judolnya
Pengguna Google,5,2026-04-05 14:30:44,Bisa membantu menyegarkan pikiran karena banyak judul.,0.6695399807249387,0.0320876183062772,0.2667107249429279,0.0316616760258559,Topik 0,Positif,Positif,bantu segar pikir judul
Pengguna Google,5,2026-04-05 14:30:35,Na sepan aplikasi ondo,0.0500955707061013,0.0503629957113105,0.8492237747020609,0.0503176588805273,Topik 2,Netral,Positif,sepan aplikasi ondo
Pengguna Google,4,2026-04-05 14:30:22,saya sangat senang bisa menghasilkan cuan,0.037053014187559,0.0367410274204995,0.8903533687607953,0.035852589631146,Topik 2,Positif,Positif,senang hasil cuan
Pengguna Google,2,2026-04-05 14:28:48,bagus tapi kadang lemot lag dan patah patah padahal HP ram lumanyan tinggi,0.0187073638780235,0.572086788552104,0.2387189347432025,0.1704869128266699,Topik 1,Netral,Negatif,bagus kadang lambat lambat patah patah ram lumanyan
Pengguna Google,5,2026-04-05 14:27:08,sagat puas dengan aplikasi,0.0502313281443704,0.0505207336356901,0.4486671675359528,0.4505807706839866,Topik 3,Positif,Positif,sagat puas aplikasi
Pengguna Google,5,2026-04-05 14:25:03,"lumayan ada vn,wkwk",0.603410231901178,0.0507329684544677,0.2952257503638386,0.0506310492805155,Topik 0,Netral,Positif,lumayan wkwk
Pengguna Google,2,2026-04-05 14:23:11,gabisa update tiktoknya,0.0627727038971682,0.8121995604518233,0.062502583295568,0.0625251523554402,Topik 1,Positif,Positif,tidak bisa update tiktoknya
Pengguna Google,1,2026-04-05 14:22:38,cuman nyebut kelas langsung ke detect di bawah umur 16 tahun,0.9367185578743148,0.0213558955952065,0.0208727831155026,0.0210527634149758,Topik 0,Netral,Positif,nyebut kelas langsung detect umur
Pengguna Google,5,2026-04-05 14:22:02,seruuu,0.125000058002183,0.1250000353826695,0.1250001221748981,0.6249997844402493,Topik 3,Netral,Positif,seru
Pengguna Google,5,2026-04-05 14:21:35,Lumayan lah buat hiburan scroll² vidio 😁,0.0213879642767374,0.0215975321605975,0.4719223159502973,0.4850921876123677,Topik 3,Netral,Positif,lumayan hibur scroll vidio
Pengguna Google,1,2026-04-05 14:21:28,tiktok saya berisi 2 akun yang 1 di hapus tapi kenapa yang 1 lagi ikut hilang seharusnya kan masih tetap ada,0.9584911939881569,0.0149664546160666,0.0133679237916152,0.0131744276041613,Topik 0,Netral,Negatif,tiktok isi akun hapus hilang
Pengguna Google,1,2026-04-05 14:20:45,"plis tolong bantu balikin tt lagi ke dulu 🥺tt sekarang kenapa plis balikin ke yg duluu!! kranjang kuning ku jadi ageh , pas aku mau cek out barang eh malah nggak bisa lihat ulasan nya malah langsung harus milih , kenapa sih jangan mentang-mentang kau sudah sukses kau lupakan kmbi yg membuat mu bisa sukses!!,lemot banget plis dikit "" keluar padahal hp ku rmh nya gedi loh , ngak worit banget bagi kalian yang nggak sabaran",0.4987847931683911,0.3567499630990302,0.0550978210039236,0.089367422728655,Topik 0,Negatif,Negatif,tolong tolong bantu balikin tolong balikin duluu kranjang kuning ageh cek barang lihat ulas nya langsung milih mentang mentang kau sukses kau lupa kmbi sukses lambat tolong dikit rmh nya gedi worit sabar
Pengguna Google,5,2026-04-05 14:18:48,cakep,0.1250002878978275,0.125000175242457,0.1266188948066659,0.6233806420530495,Topik 3,Netral,Positif,cakep
Pengguna Google,1,2026-04-05 14:16:27,"tik tok kok lemot banget sih setelah di update, kemarin sebelum ak update nggak gini padahal penyimpanan nya masih luas ram nya juga masih banyak, ayo dong segera di perbaiki biar enak nontonnya",0.0075395518057824,0.9771213037075314,0.00787889238086,0.0074602521058262,Topik 1,Negatif,Negatif,tik tok lambat update kemarin update gin simpan nya luas ram nya ayo baik enak nontonnya
Pengguna Google,3,2026-04-05 14:16:03,"sebel banget crash muluuu, hari ini lebih dari 5 kali",0.0259085427777107,0.9206269978120912,0.0282186119049941,0.0252458475052036,Topik 1,Netral,Negatif,kesal tabrak kali
Pengguna Google,5,2026-04-05 14:15:57,aplikasi nya bagus banget,0.0505743510001789,0.0517111841630609,0.8474071200391243,0.0503073447976357,Topik 2,Positif,Positif,aplikasi nya bagus
Pengguna Google,3,2026-04-05 14:15:46,punya saya min nga ada status aktivitas nya,0.9145488763123074,0.0292506157445734,0.0284203112917662,0.0277801966513528,Topik 0,Netral,Positif,admin status aktivitas nya
Pengguna Google,5,2026-04-05 14:13:35,mohon untk kepada developer tiktok perbaiki apkny padahal ram saya besar dan penyimpanan memori saya masih banyak juga tpi pas mw msuk tiktok lama banget sampe 10 mnitan pdhal udah sering update apk nya masih aja lemot tolong perbaiki saya kasi bintang 5 agar dibaca sama developer nya,0.005803015280126,0.9833627913302758,0.0054992536271459,0.0053349397624521,Topik 1,Negatif,Negatif,mohon untk developer tiktok baik apkny ram simpan ingat masuk tiktok mnitan update apk nya lambat tolong baik kasih bintang baca developer nya
Pengguna Google,1,2026-04-05 14:13:32,"Aplikasi paling rakus penyimpanan! Cache-nya cepat banget bengkak sampai bergiga-giga, bikin memori HP penuh terus. RAM juga kesedot banyak banget sampai kalau mau buka aplikasi lain jadi berat. Minimal kasih fitur pembersihan otomatis yang lebih bersih lah.""",0.2102417230010183,0.7766200612310312,0.0068429652865418,0.0062952504814084,Topik 1,Negatif,Negatif,aplikasi rakus simpan cache nya cepat bengkak bergiga giga ingat penuh ram sedot buka aplikasi berat minimal kasih fitur bersih otomatis bersih
Pengguna Google,4,2026-04-05 14:12:24,"bagus,tapi kurang sedikit,koin untuk gift di live coba mudahkan lagi untuk dapatin koin,kecuali bayar",0.7979102603296278,0.0148094779679342,0.173390517378339,0.0138897443240991,Topik 0,Positif,Positif,bagus koin gift live coba mudah dapatin koin kecuali bayar
Pengguna Google,5,2026-04-05 14:09:32,baguss banget animassinyaaaaa,0.0626130358694699,0.0630302274894296,0.5200424872743452,0.3543142493667552,Topik 2,Positif,Positif,baguss animassinya
Pengguna Google,5,2026-04-05 14:09:19,hiburan,0.1250000259510138,0.1250000154417752,0.6249998625354352,0.1250000960717758,Topik 2,Netral,Positif,hibur
Pengguna Google,5,2026-04-05 14:09:14,sangat senang,0.0833333453396642,0.0833333401935496,0.7489080240889123,0.0844252903778737,Topik 2,Positif,Positif,senang
Pengguna Google,5,2026-04-05 14:07:57,mantap,0.1250000060051261,0.1250000035252076,0.6249999674151272,0.1250000230545389,Topik 2,Positif,Positif,mantap
Pengguna Google,5,2026-04-05 14:06:58,seru banget tiktok teman terbaikku 🇬🇱🇬🇱🇬🇱😭😅😆😁😗😍🤤😱 tapi nanti ga boleh nonton tiktok,0.1761669237934073,0.0053641714123608,0.0057364593112735,0.8127324454829583,Topik 3,Positif,Positif,seru tiktok teman baik nonton tiktok
Pengguna Google,1,2026-04-05 14:06:02,tiktok botak,0.7400338773042343,0.0874946883896808,0.0880668772536858,0.0844045570523988,Topik 0,Netral,Positif,tiktok botak
Pengguna Google,1,2026-04-05 14:05:30,"tiba"" tidak dapat berfungsi",0.8462096171435259,0.0527001097960174,0.0510900474768079,0.0500002255836487,Topik 0,Netral,Positif,fungsi
Pengguna Google,1,2026-04-05 14:05:22,aneh tiba tiba di blok tanpa kesalahan,0.9045703513670302,0.0326829539683392,0.0312500464001144,0.0314966482645161,Topik 0,Netral,Positif,aneh blok salah
Pengguna Google,1,2026-04-05 14:01:37,aselik lama baet Nyebelin,0.0500234815030852,0.4513496710561942,0.4485611079332013,0.0500657395075192,Topik 1,Netral,Positif,aselik baet nyebelin
Pengguna Google,1,2026-04-05 13:59:48,bagus,0.1250000009788242,0.1250000013901184,0.624999993815306,0.1250000038157514,Topik 2,Positif,Positif,bagus
Pengguna Google,2,2026-04-05 13:59:23,"tiktok tolong, cara mengatasi pas rekam vidio tiktok udah selesai mau di post malah jadi foto itu kenapa ya? saya uda ikutin semua cara daru hapus riwayat tontonan sampe dll, tapi tetep aja, pas udah selesai buat vidio dan mau di post jadi foto, mana pas mau di post ada tulisan ""tidak bisa di posting"" itu kenapa ya",0.5538580076346624,0.4375201694453264,0.00437402375866,0.0042477991613509,Topik 0,Netral,Positif,tiktok tolong atas rekam vidio tiktok selesai post foto ikutin daru hapus riwayat tonton dsb selesai vidio post foto post tulis posting
Pengguna Google,3,2026-04-05 13:58:59,halo min mau mintak tolong pulihin akun tiktok saya min. akun tiktok saya no dan email nya udah ga ada min sama hp saya kemaren install ulang jadi tidak bisa mengakses untuk masuk. jadi gimana ya min cara akun saya biar kembali? harap bantuan nya min🙏,0.6045238579779986,0.3248063337954771,0.0655224647316441,0.0051473434948802,Topik 0,Netral,Negatif,halo admin mintak tolong pulihin akun tiktok admin akun tiktok email nya admin kemarin install ulang akses masuk gimana admin akun harap bantu nya admin
Pengguna Google,5,2026-04-05 13:58:58,cukup baik untuk kehidupan sehari-hari yang kita inginkan dengan mudah digunakan dan diakui kualitasnya tiktok dan Tokopedia cukup baik karena membantu masyarakat dalam proses apapun itu terima kasih 😘🙏🙏 ..,0.0786863145848194,0.0433817070122381,0.7297212859353923,0.14821069246755,Topik 2,Positif,Positif,hidup hari mudah aku kualitas tiktok tokopedia bantu masyarakat proses apa terima kasih
Pengguna Google,2,2026-04-05 13:58:40,aplikasinya lama banget lodingngya ihh,0.0418518246381982,0.5176640969960767,0.0474962077067153,0.3929878706590097,Topik 1,Netral,Positif,aplikasi lodingngya ihh
Pengguna Google,5,2026-04-05 13:58:39,top 👍,0.8493513109152969,0.0500977979174894,0.0505184337484996,0.0500324574187138,Topik 0,Netral,Positif,top
Pengguna Google,1,2026-04-05 13:58:29,maaf saya kasih bintang 1 karen akhir akhir ini buka aplikasi tiktok sangat lemot kalau buka aplikasi lainnya lancar aman saja. udah hapus chache hapus data sampai uninstall berkali-kali masih tetap lemot...,0.0079421409859785,0.8962086059483414,0.0879475616589855,0.0079016914066944,Topik 1,Negatif,Negatif,maaf kasih bintang karen buka aplikasi tiktok lambat buka aplikasi lancar aman hapus chache hapus data uninstall kali kali lambat
Pengguna Google,1,2026-04-05 13:58:07,lama menginset terus baca an nya,0.0372226931725278,0.8903837949233544,0.0360985717147835,0.0362949401893342,Topik 1,Netral,Negatif,inset baca nya
Pengguna Google,5,2026-04-05 13:56:37,bagus,0.1250000009788242,0.1250000013901184,0.624999993815306,0.1250000038157514,Topik 2,Positif,Positif,bagus
Pengguna Google,1,2026-04-05 13:55:54,tidak cocok,0.4148915296789087,0.0851094862038315,0.4166655332913143,0.0833334508259454,Topik 2,Netral,Positif,cocok
Pengguna Google,5,2026-04-05 13:55:23,good,0.6135975253693813,0.1250000212485656,0.1250000709101075,0.1364023824719455,Topik 0,Positif,Positif,good
Pengguna Google,5,2026-04-05 13:54:10,seru dan bisa mengetahui zaman dahulu kala,0.2544415900646285,0.0336285735464548,0.5402074529519818,0.1717223834369348,Topik 2,Positif,Positif,seru zaman
Pengguna Google,5,2026-04-05 13:53:48,selalu ketinggalan versi terbaru mohon di perbaiki lagi,0.0288385507623386,0.91494126758625,0.028441925491718,0.0277782561596932,Topik 1,Netral,Negatif,tinggal versi baru mohon baik
Pengguna Google,5,2026-04-05 13:53:28,bagyus,0.6241851107548636,0.1250485700585019,0.125459533350882,0.1253067858357523,Topik 0,Netral,Positif,bagyus
Pengguna Google,2,2026-04-05 13:52:54,kenapa jadi lemot dan translatornya kurang berfungsi,0.032508458602118,0.7496715039638857,0.1864289724300155,0.0313910650039807,Topik 1,Negatif,Negatif,lambat translatornya fungsi
Pengguna Google,1,2026-04-05 13:52:24,kian hari kian JELEK TIK TOK uninstal + bintang 1,0.0278949630190539,0.6215942248268155,0.0279065494900227,0.3226042626641077,Topik 1,Negatif,Negatif,kian kian jelek tik tok uninstall bintang
Pengguna Google,1,2026-04-05 13:52:05,"foto live yang lewat di beranda gak mau gerak,ikon live di pojok kiri gak ada,muak gw padahal dulu lengkap sekarang kok malah mines gini",0.7280225681166596,0.2532557593046677,0.0094541974379866,0.0092674751406861,Topik 0,Netral,Positif,foto live beranda gerak ikon live pojok kiri muak lengkap mes gin
Pengguna Google,5,2026-04-05 13:51:53,Krn bisa viidioo rame banget bisa dapet uang juga,0.0269441429254744,0.0264027707135614,0.92152934335412,0.025123743006844,Topik 2,Positif,Positif,viidioo rame uang
Pengguna Google,5,2026-04-05 13:51:40,kenapa efek tidak muncul pdahal sudah di perbarui,0.4200178103809038,0.5242085424462237,0.027995622416032,0.0277780247568404,Topik 1,Netral,Positif,efek muncul baru
Pengguna Google,3,2026-04-05 13:50:59,komentar nya kok kenapa ga muncul di vt orang lain? ada yang sama kaya gw?,0.9515546096247658,0.0169445701788498,0.0158505921664007,0.0156502280299836,Topik 0,Netral,Positif,komentar nya muncul orang
Pengguna Google,5,2026-04-05 13:50:11,MANTAP,0.1250000060051261,0.1250000035252076,0.6249999674151272,0.1250000230545389,Topik 2,Positif,Positif,mantap
Pengguna Google,1,2026-04-05 13:49:34,padahal ram sama internal penyimpanan masih banyak tapi gak bisa di download,0.0201918722695221,0.9407881340020064,0.0197657848544346,0.0192542088740368,Topik 1,Positif,Positif,ram internal simpan unduh
Pengguna Google,5,2026-04-05 13:48:46,tiktok tolong Ben akun yang menang pilkan aurat dan gula gelo udah muak saya Kon melewat terus di beranda saya udah di hapus di history masihaja muncul merekomen dasikan ke saya terus tiktok udah di sekip malah tambah banyak kon😔 katanya pidio menghibur tapi pidio cuci mata haduh tiktok ngelewat terus soal nya diberanda gua,0.3479841572476315,0.3096517952147448,0.1256655576675023,0.2166984898701213,Topik 0,Negatif,Negatif,tiktok tolong ben akun menang pil aurat gula gelo muak kon lewat beranda hapus history masihaja muncul merekomen dasi tiktok sekip kon pidio hibur pidio cuci mata haduh tiktok ngelewat nya beranda
Pengguna Google,1,2026-04-05 13:47:16,"mau update aja tidak bisa gagal terus,tolong di perbaiki agar pengguna tiktok lebih nyaman klu tidak di update sering bukanya lemot.",0.0117709713892407,0.966164997573313,0.0111845813836341,0.0108794496538121,Topik 1,Negatif,Negatif,update gagal tolong baik guna tiktok nyaman klu update buka lambat
Pengguna Google,3,2026-04-05 13:46:52,boros kuota,0.083333535700187,0.0954341314726272,0.7378982089486724,0.0833341238785132,Topik 2,Netral,Positif,boros kuota
Pengguna Google,5,2026-04-05 13:45:51,aku sangat suka apk in,0.0434038904466275,0.0442371958960397,0.6757589663801311,0.2365999472772015,Topik 2,Positif,Positif,suka apk
Pengguna Google,5,2026-04-05 13:45:31,tiap buka aplikasi update terus sampai kapan,0.0326923039979459,0.9037666382716876,0.0322804297517854,0.0312606279785808,Topik 1,Netral,Negatif,buka aplikasi update
Pengguna Google,5,2026-04-05 13:44:25,seruu bgt gabisa 1 hari tanpa scroll tiktok 💓,0.0259324056833932,0.4247828983540745,0.1718397227963161,0.377444973166216,Topik 1,Positif,Positif,seruu tidak bisa gulir tiktok
Pengguna Google,2,2026-04-05 13:44:07,lemot banget sihh,0.0633511842715836,0.7962868274346457,0.0749016099896924,0.0654603783040782,Topik 1,Negatif,Negatif,lambat sihh
Pengguna Google,5,2026-04-05 13:39:44,bagus,0.1250000009788242,0.1250000013901184,0.624999993815306,0.1250000038157514,Topik 2,Positif,Positif,bagus
Pengguna Google,3,2026-04-05 13:39:34,"tolong perbaiki bug suara live nya, contoh ada orang ngelive suaranya jadi double berisik jadinya",0.417124847357897,0.5514254478458224,0.0157587389370052,0.0156909658592752,Topik 1,Negatif,Negatif,tolong baik error suara live nya contoh orang ngelive suara double berisik
Pengguna Google,5,2026-04-05 13:37:30,baguss sama juga bisa kerja,0.045081013406512,0.0444086815508154,0.8687783242440246,0.0417319807986479,Topik 2,Positif,Positif,baguss kerja
Pengguna Google,5,2026-04-05 13:33:08,sangat cocok,0.0833333461734706,0.0833333408073394,0.7489176588827323,0.0844156541364576,Topik 2,Netral,Positif,cocok
Pengguna Google,5,2026-04-05 13:32:15,"baguss,tapi suka ngeleg TAPI BAGUSSS BERGUNA JUGA tapi jangab agresif plc aku ga ngapain' kena blokir nya😔😔",0.3910229011631967,0.0918197629627907,0.2385502676677367,0.2786070682062757,Topik 0,Positif,Positif,baguss suka ngeleg bagus guna jangab agresif plc kena blokir nya
Pengguna Google,3,2026-04-05 13:30:44,Sangat puas,0.083333341137334,0.0833333379644673,0.0976522184886097,0.7356811024095888,Topik 3,Positif,Positif,puas
Pengguna Google,5,2026-04-05 13:30:06,sukakkkkkk,0.1250400084234127,0.1250243830039297,0.624784433672592,0.1251511749000656,Topik 2,Positif,Positif,sukak
Pengguna Google,5,2026-04-05 13:29:20,bAgus banget bisa langsung live dan bisa langsung join live👏👏,0.4482077129545423,0.0175712144791277,0.3639843416930023,0.1702367308733275,Topik 0,Positif,Positif,bagus langsung live langsung gabung live
Pengguna Google,5,2026-04-05 13:27:55,"BAGUSS AJAA,OKE UDAHH^^",0.0507193815234904,0.0556055977458484,0.8432425063575976,0.0504325143730635,Topik 2,Positif,Positif,baguss oke udahh
Pengguna Google,1,2026-04-05 13:27:27,"woe tik tok data lu gede bet jir, kasih fitur penghapusan notifikasi Ama cache.",0.5169246268684051,0.4489031565749617,0.0169802210450491,0.017191995511584,Topik 0,Netral,Negatif,woe tik tok data gede jir kasih fitur hapus notifikasi cache
Pengguna Google,5,2026-04-05 13:27:17,bagus,0.1250000009788242,0.1250000013901184,0.624999993815306,0.1250000038157514,Topik 2,Positif,Positif,bagus
Pengguna Google,1,2026-04-05 13:25:40,"TikTok TOLOL main hapus data,mau konfirmasi BANDING SUSAH. malah muter muter",0.3200604792280055,0.6411830574832313,0.0194257585198088,0.0193307047689542,Topik 1,Negatif,Negatif,tiktok bodoh main hapus data konfirmasi banding susah muter muter
Pengguna Google,1,2026-04-05 13:25:13,"BENERIN BUG NYA, SUKA BANGET CERITA DI CAPTION ILANG PAS ABIS DIEDIT.. SEBELUM DIBENERIN, GUE KASIH BINTANG 1 LO",0.194743189711508,0.6938465876266953,0.0974072380161771,0.0140029846456194,Topik 1,Netral,Negatif,benerin error nya suka cerita caption hilang habis edit dibenerin kasih bintang
Pengguna Google,2,2026-04-05 13:23:08,karena enak ditton,0.063845801109005,0.0631926811045425,0.8102315542718193,0.0627299635146332,Topik 2,Netral,Positif,enak ditton
Pengguna Google,2,2026-04-05 13:22:30,ehh kokk ini tiktok gbisa di update sih gmn sih gajelas perbaiki dong jgn mlh diem aj,0.0143202774080156,0.9574607047712392,0.0142536951541094,0.0139653226666358,Topik 1,Positif,Negatif,ehh kokk tiktok gbisa update gajelas baik mlh diam
Pengguna Google,5,2026-04-05 13:20:56,sangat bagus,0.08333333426591,0.083333334116811,0.7489177344334214,0.0844155971838575,Topik 2,Positif,Positif,bagus
Pengguna Google,2,2026-04-05 13:19:25,Karena aku belum download hiiiii,0.3064196826642668,0.2778158281313923,0.3738384464318124,0.0419260427725285,Topik 2,Netral,Positif,unduh
Pengguna Google,5,2026-04-05 13:18:40,suka aja,0.0847149860185759,0.7325220040118254,0.0992432758263981,0.0835197341432004,Topik 1,Positif,Positif,suka
Pengguna Google,5,2026-04-05 13:18:30,"nih bintang 5 biar di baca,kenapa suara video bisa dobel,dan pas aplikasi di close tetap masih ada suaranya, dan gw sudah cek emang sudah di close, gw jadi harus ke pengaturan aplikasi buat matiin secara paksa biar berhenti suaranya",0.2924251292875763,0.6949997316880544,0.0063412615739067,0.0062338774504626,Topik 1,Positif,Negatif,bintang baca suara video dobel aplikasi close suara cek close atur aplikasi matiin paksa henti suara
Pengguna Google,4,2026-04-05 13:17:09,aplikasi nya bgus cuma swri nge Hank hp nya padahal ini udah bagus hp nya,0.0160308270169695,0.6482952637051829,0.3200401117378386,0.0156337975400089,Topik 1,Positif,Positif,aplikasi nya bgus swri nge hank nya bagus nya
Pengguna Google,3,2026-04-05 13:16:58,kenapa pas buka tt selalu tidak menanggapi dan sering lag tolong di perbaiki secepatnya!,0.0173564651429446,0.9489363036835652,0.0169809166627894,0.0167263145107007,Topik 1,Negatif,Negatif,buka tanggap lambat tolong baik cepat
Pengguna Google,5,2026-04-05 13:16:37,intinya bagus,0.0840057920569816,0.083727424352019,0.7473552520045654,0.0849115315864338,Topik 2,Positif,Positif,inti bagus
Pengguna Google,5,2026-04-05 13:16:01,bagus bgt,0.0835936125657042,0.0859641300007424,0.7456315344941798,0.0848107229393735,Topik 2,Positif,Positif,bagus
Pengguna Google,3,2026-04-05 13:15:59,"bagus si, cuma ya size nya ituloh masa sekedar aplikasi menonton video bisa sampe 3gb? kan aneh",0.0150956517420845,0.6772346022227596,0.2937255741258712,0.0139441719092847,Topik 1,Positif,Positif,bagus size nya ituloh dar aplikasi tonton video aneh
Pengguna Google,5,2026-04-05 13:15:26,bagus,0.1250000009788242,0.1250000013901184,0.624999993815306,0.1250000038157514,Topik 2,Positif,Positif,bagus
Pengguna Google,5,2026-04-05 13:14:04,apk nya bagus tapi masih ada sedikit masalah sih,0.1051030866832499,0.5528469977481844,0.3170013081132495,0.0250486074553161,Topik 1,Positif,Positif,apk nya bagus
Pengguna Google,2,2026-04-05 13:13:23,"apalah sering eror, dah lah akun sering kena ban walau ngga ngelakuin pelanggaran",0.591528468531963,0.3722700838574536,0.0183037449517705,0.0178977026588128,Topik 0,Netral,Negatif,apa ganggu akun kena ban ngelakuin langgar
Pengguna Google,5,2026-04-05 13:13:11,"bagus, cuma pengen request tambahin vitur call, biar kita yg ga punya no wa bisa di tiktok, udah segitu aja",0.897338745711681,0.0125373128319006,0.0779906745809412,0.0121332668754769,Topik 0,Positif,Positif,bagus tambahin vitur telpon whatsapp tiktok segitu
Pengguna Google,1,2026-04-05 13:11:41,"Masukan: tindakan anda terlalu sering memberikan pelanggaran terhadap para affiliate justru dapat menjadi boomerang bagi kelangsungan platform anda sendiri. lama2 para pengguna khususnya para affiliate akan berhenti menggunakan aplikasi anda, dan ini akan berakibat buruk bagi platform anda kedepannya. para affiliate & seller banyak mmberikan kontribusi baik dari segi trafik penggunaan maupun dari administrasi keuangan untuk anda. penjatuhan pelanggaran terhadap mereka akan membuat anda ditinggal",0.7590739303068164,0.0845843172617703,0.1311754064012079,0.0251663460302053,Topik 0,Netral,Negatif,masuk tindak langgar affiliate boomerang langsung platform guna affiliate henti aplikasi akibat buruk platform depan affiliate seller mmberikan kontribusi segi trafik guna administrasi uang jatuh langgar tinggal
Pengguna Google,5,2026-04-05 13:10:07,aku kasih lima bintang langsung walaupun masih kenalan moga lancar,0.0242478937282665,0.3997620399563895,0.5507015690289094,0.0252884972864344,Topik 2,Netral,Positif,kasih bintang langsung kenal moga lancar
Pengguna Google,1,2026-04-05 13:09:45,"sekarang tiktok banyak iklan judol. tolong itu segera di tindaklanjuti karna iklan judol tersebut sangat mengganggu, jangan mentang mentang anak di bawah 16 tahun di blokir tiktok bisa bebas menayangkan iklan judol sembarangan",0.785182133230544,0.0078459469358802,0.007751038158235,0.1992208816753407,Topik 0,Positif,Negatif,tiktok iklan judol tolong tindaklanjuti iklan judol ganggu mentang mentang anak blokir tiktok bebas tayang iklan judol sembarang
Pengguna Google,5,2026-04-05 13:09:35,trimaksih bnyk baru semoga sukses tiktok,0.0367236163948458,0.2858479772316206,0.6414483332910725,0.0359800730824611,Topik 2,Netral,Positif,trimaksih moga sukses tiktok
Pengguna Google,5,2026-04-05 13:09:05,kalow live ga nunggu 127 folow ga kaya YouTube,0.6325433590124012,0.3164750532956454,0.0258906351308441,0.0250909525611092,Topik 0,Netral,Positif,kalow live nunggu folow youtube
Pengguna Google,3,2026-04-05 13:07:23,tdi kan saya updet tik tok trs udh di updet di suruh donwlod ulang udh smpe 2x,0.0145263978829562,0.957515554713547,0.014057424628121,0.0139006227753757,Topik 1,Netral,Negatif,tdi updet tik tok updet suruh donwlod ulang
Pengguna Google,5,2026-04-05 13:06:45,bagus banget,0.0834723380792945,0.0841019662894584,0.7480022152567288,0.0844234803745181,Topik 2,Positif,Positif,bagus
Pengguna Google,5,2026-04-05 13:06:32,seru,0.1250000030907642,0.1250000018776363,0.1250094158692616,0.6249905791623377,Topik 3,Netral,Positif,seru
Pengguna Google,2,2026-04-05 13:05:40,bagus iya punga cuplikan iya ber pungsi d tv,0.1589904445071765,0.5732189844213753,0.2396684920987269,0.0281220789727211,Topik 1,Positif,Positif,bagus iya punga cuplik iya ber pungsi
Pengguna Google,4,2026-04-05 13:05:16,"Aku masih bingung deh kenapa first account ku ga ada fitur posting ulangnya, sedangkan second account ku ada. Terus sebagian temenku bilang kalo mereka ga bisa kirim video ke aku.. aku udah coba bongkar pengaturan tapi tetep aja ga bisa",0.7432926355435294,0.1686037374720489,0.006238244733143,0.0818653822512784,Topik 0,Positif,Positif,bingung deh account fitur posting ulang second account temenku kirim video coba bongkar atur
Pengguna Google,1,2026-04-05 13:04:19,"lama bgt instalnya,dan pas udah 100 gabisa,gasuka bgt",0.0243875134384941,0.9285747845751268,0.0238451248220677,0.0231925771643115,Topik 1,Positif,Positif,instalnya tidak bisa gasuka
Pengguna Google,5,2026-04-05 13:04:11,obat gabut,0.0833348601162197,0.0836353472754815,0.7491956670472746,0.0838341255610241,Topik 2,Netral,Positif,obat gabut
Pengguna Google,5,2026-04-05 13:02:11,baguss banget,0.0834723511187111,0.0841020266126766,0.7479677950175411,0.084457827251071,Topik 2,Positif,Positif,baguss
Pengguna Google,5,2026-04-05 13:00:39,trima kasiii 😇,0.0505795359707311,0.050097557278372,0.2490766793837081,0.6502462273671886,Topik 3,Netral,Positif,trima kasih
Pengguna Google,3,2026-04-05 12:58:50,"ngelag bgt, kayanya kena hack",0.4530083759802876,0.4617684442798467,0.0429521288284692,0.0422710509113963,Topik 1,Negatif,Negatif,lambat kena hack
Pengguna Google,5,2026-04-05 12:58:24,bisa buat belajar,0.0657005179968628,0.0662966800795775,0.8054769496540963,0.0625258522694632,Topik 2,Positif,Positif,ajar
Pengguna Google,2,2026-04-05 12:52:44,tiktok tolong lah aku login akun aja gak bisa bisa tolong cepat diperbaiki,0.2048122814393816,0.7585184230828732,0.0187279335260655,0.0179413619516795,Topik 1,Netral,Negatif,tiktok tolong masuk akun tolong cepat baik
Pengguna Google,2,2026-04-05 12:48:30,tiktok tolongin lagi donk ini tiktok nya gk bisa di donwload giman nih tapi pas udh di donwload woy gimna cuy,0.0118269930653327,0.9648842604024656,0.0118579794406209,0.0114307670915805,Topik 1,Netral,Positif,tiktok tolongin donk tiktok nya donwload gim donwload woy gimna cuy
Pengguna Google,1,2026-04-05 12:48:11,lemot banget tiktok sekarang,0.051077732943089,0.8423673334230959,0.0550969157560185,0.0514580178777966,Topik 1,Negatif,Negatif,lambat tiktok
Pengguna Google,5,2026-04-05 12:46:58,bagus,0.1250000009788242,0.1250000013901184,0.624999993815306,0.1250000038157514,Topik 2,Positif,Positif,bagus
Pengguna Google,5,2026-04-05 12:46:55,Tiktok ini bagus,0.0644776099004741,0.0656134971881477,0.806848216048306,0.0630606768630721,Topik 2,Positif,Positif,tiktok bagus
Pengguna Google,5,2026-04-05 12:46:36,tiktok kenapa saya tidak bisa vn dikomen yng lain sudah bisa kenapa saya belum bisa?,0.951757614226216,0.0165538005026195,0.0160334991169196,0.0156550861542448,Topik 0,Positif,Positif,tiktok dikomen
Pengguna Google,5,2026-04-05 12:46:21,sangat membantu dan menghibur,0.0502266282621466,0.0502166940457477,0.8491516356758099,0.0504050420162957,Topik 2,Positif,Positif,bantu hibur
Pengguna Google,4,2026-04-05 12:41:00,"tiktok nya bagus² aja cmn yg jadi mslh itu di admin paylater nya pdhl udh di lunasi bulan ini iyasi telat 2 hri doang tpi kn udh bayar!!! pas buka wa tiba² udh ngancam² aja , pecat aja admin kek gtu , ga cek data dlu main ancam² org aja KEBIASAAN BNGT",0.3955650152905199,0.569250346472858,0.0300598629906128,0.0051247752460091,Topik 1,Positif,Negatif,tiktok nya bagus mslh admin paylater nya lunas iyasi telat hri doang bayar buka whatsapp tiba ngancam pecat admin gitu cek data main ancam orang biasa
Pengguna Google,5,2026-04-05 12:38:47,mantap,0.1250000060051261,0.1250000035252076,0.6249999674151272,0.1250000230545389,Topik 2,Positif,Positif,mantap
Pengguna Google,5,2026-04-05 12:37:51,suka,0.1250034052920836,0.1288096850598769,0.620968541654658,0.1252183679933815,Topik 2,Positif,Positif,suka
Pengguna Google,5,2026-04-05 12:37:08,Mantap,0.1250000060051261,0.1250000035252076,0.6249999674151272,0.1250000230545389,Topik 2,Positif,Positif,mantap
Pengguna Google,4,2026-04-05 12:35:54,Knp sekarang slalu ufdate,0.0504374568997778,0.8495310738768509,0.0500252933647119,0.0500061758586591,Topik 1,Netral,Negatif,ufdate
Pengguna Google,5,2026-04-05 12:34:52,bagus,0.1250000009788242,0.1250000013901184,0.624999993815306,0.1250000038157514,Topik 2,Positif,Positif,bagus
Pengguna Google,5,2026-04-05 12:33:57,ini aplikasi terbagus menurut ku Karena kalau bosan aku selalu nonton tiktok tapi aku gak bisa bikin akun gak tau kenapa?😭😕,0.5985744591154385,0.0099560043989478,0.2734512768188992,0.1180182596667145,Topik 0,Positif,Positif,aplikasi bagus bosan nonton tiktok akun
Pengguna Google,3,2026-04-05 12:33:26,aplikasi sering loading walaupun mebggunakan data cellular dan wifi,0.025611627771238,0.9215935900075468,0.0276498100881582,0.0251449721330568,Topik 1,Netral,Negatif,aplikasi loading mebggunakan data cellular wifi
Pengguna Google,5,2026-04-05 12:32:04,pengen yang beta,0.4730156927307721,0.0634004852269714,0.4008329255420613,0.0627508965001951,Topik 0,Netral,Positif,beta
Pengguna Google,4,2026-04-05 12:31:56,ngered HP saya hihihi,0.0521564831844654,0.2811455753019639,0.6164484396323756,0.0502495018811949,Topik 2,Netral,Positif,ngered hihihi
Pengguna Google,3,2026-04-05 12:30:32,kadang ini aplikasi gj masa tiba tiba keluar sendiri,0.0256941935801019,0.9232173443872346,0.0260850423422598,0.0250034196904035,Topik 1,Netral,Positif,kadang aplikasi
Pengguna Google,1,2026-04-05 12:25:37,"Aplikasi yang kurang bagus untuk privasi,saya menyarankan pihak Tik Tok menambah fitur hapus tag kita sendiri dari repost orang lain.",0.5304094907467478,0.212512573556193,0.245629026358759,0.0114489093383001,Topik 0,Positif,Positif,aplikasi bagus privasi saran tik tok tambah fitur hapus tag repost orang
Pengguna Google,2,2026-04-05 12:25:26,ko gw gaada keranjang nya lah tok tiktok,0.5149113762112383,0.4286204899805108,0.0284666500998893,0.0280014837083614,Topik 0,Netral,Positif,tidak ada keranjang nya tok tiktok
Pengguna Google,5,2026-04-05 12:24:55,bagus,0.1250000009788242,0.1250000013901184,0.624999993815306,0.1250000038157514,Topik 2,Positif,Positif,bagus
Pengguna Google,4,2026-04-05 12:24:18,kang lim aku disini..... bintagnya indah......,0.0363482022411466,0.0360455645569056,0.7437146871826289,0.1838915460193188,Topik 2,Netral,Positif,kang lim bintagnya indah
Pengguna Google,1,2026-04-05 12:24:12,aku padahal ngebikin vidio filter aja lo malah diblokir ini akun kedua aku padahal malah diblokir hadeg mending youtube,0.8403273827484042,0.1340407750518967,0.0130876745277451,0.0125441676719536,Topik 0,Netral,Positif,ngebikin vidio filter blokir akun blokir hadeg mending youtube
Pengguna Google,4,2026-04-05 12:23:14,sangat membantu,0.0833333402022546,0.0833333372188677,0.7489176971670006,0.0844156254118769,Topik 2,Positif,Positif,bantu
Pengguna Google,1,2026-04-05 12:22:35,lemot banget ka aplikasi nya,0.0429585316676719,0.4870622304337477,0.4279612388893891,0.0420179990091912,Topik 1,Negatif,Negatif,lambat kakak aplikasi nya
Pengguna Google,5,2026-04-05 12:21:30,bagusss,0.1250000176363626,0.125000010742808,0.1250000355081519,0.6249999361126772,Topik 3,Positif,Positif,bagus
Pengguna Google,5,2026-04-05 12:17:55,"boleh saya minta tolong,,saya agak sedikit kesal karna setiap buka tiktok selalu lalot/lama kebuka aplikasinya ,,terus sering ad terkancing² gitu tolong di bantu..👌🙂",0.1239175515656848,0.7012302650519682,0.0878473375867112,0.0870048457956357,Topik 1,Negatif,Negatif,tolong kesal buka tiktok lalot buka aplikasi kancing gitu tolong bantu
Pengguna Google,5,2026-04-05 12:17:28,amazing super fun,0.0629496063530006,0.0629277386998782,0.0703922382636438,0.8037304166834772,Topik 3,Netral,Positif,amazing fun
Pengguna Google,3,2026-04-05 12:16:42,"video offline download melulu, somplak ah.",0.5052370892616181,0.4215913707286636,0.0369828720029999,0.0361886680067182,Topik 0,Netral,Positif,video luring unduh melulu somplak
Pengguna Google,1,2026-04-05 12:15:28,"Aplikasi terburuk untuk Live Stream Game, masa HP android spesifikasi dewa dipakai live, yang nonton bilang patah patah parah banget, khususnya untuk live mobile legends, masa tiktok pilih kasih, mentang mentang android gak dibolehin live. harus pengguna apple saja yang bisa live lancar, TOLONG DI FIX!!! kalau tidak mau rating tiktok di play store hancur",0.6625050564843958,0.2535306941830005,0.0047176444764556,0.0792466048561479,Topik 0,Negatif,Negatif,aplikasi buruk live stream game android spesifikasi dewa pakai live nonton patah patah parah live mobile legends tiktok pilih kasih mentang mentang android dibolehin live guna apple live lancar tolong rating tiktok main store hancur
Pengguna Google,1,2026-04-05 12:13:42,"tik tok kakean cangkem, live kari live Mandang usia JEMBOTTTT",0.4802719211163577,0.1651875569867795,0.0227361410012377,0.3318043808956251,Topik 0,Netral,Negatif,tik tok kakean cangkem live kari live mandang usia jembot
Pengguna Google,5,2026-04-05 12:13:32,oke.,0.1250009756538075,0.1250000123747121,0.6249989355085935,0.1250000764628868,Topik 2,Netral,Positif,oke
Pengguna Google,5,2026-04-05 12:13:07,Oke,0.1250009756538075,0.1250000123747121,0.6249989355085935,0.1250000764628868,Topik 2,Netral,Positif,oke
Pengguna Google,1,2026-04-05 12:12:20,di togel login🤢🤢🤢🤢🤢🤮🤮🤮🤮🤮,0.013916725556249,0.1178834901335692,0.0131584173772897,0.8550413669328919,Topik 3,Netral,Positif,togel masuk
Pengguna Google,5,2026-04-05 12:11:51,bagus banget apalagi kalo udah update fitur fitur nya baguss,0.3143203315299193,0.2962694034040024,0.3665257128442183,0.0228845522218599,Topik 2,Positif,Positif,bagus update fitur fitur nya baguss
Pengguna Google,5,2026-04-05 12:09:35,Adain dong fitur subbtitle live,0.7201451745019481,0.0433185074783637,0.0416996394222273,0.1948366785974608,Topik 0,Netral,Negatif,adain fitur subbtitle live
Pengguna Google,5,2026-04-05 12:09:28,"Aku kasih bintang 5,karna seru banget netizen nya pada baik tapi ada beberapa juga yg omongan gak di jaga. tapi tolong dongg kasih fitur VN di komen soalnya pengen kayak mereka plissssssssss ya owner yg baik hati tydak syombonk",0.7744885320456047,0.0066611603171701,0.1087426979739068,0.1101076096633183,Topik 0,Negatif,Negatif,kasih bintang seru netizen nya omong jaga tolong dongg kasih fitur komen tolong owner hati tydak syombonk
Pengguna Google,5,2026-04-05 12:07:56,sangat bgusss😍😍,0.0192307735797657,0.0192307719105357,0.0195137426237816,0.9420247118859169,Topik 3,Netral,Positif,bgus
Pengguna Google,5,2026-04-05 12:07:08,seru bngtt cuyyy,0.0625005188039052,0.0632018267797967,0.0651215034215609,0.809176150994737,Topik 3,Netral,Positif,seru bngtt cuy
Pengguna Google,1,2026-04-05 12:06:47,kasi bintang 5 tapi plis jangan blokir akunku pliss mungkin udah 10 akun yg ku buat udah ke blokir semua kemana aku tiktok nanti ya allah,0.9701885274525298,0.01003048110216,0.009881570698282,0.0098994207470281,Topik 0,Netral,Positif,kasih bintang tolong blokir akun tolong akun blokir mana tiktok allah
Pengguna Google,5,2026-04-05 12:04:43,untuk menghibur,0.0843122381862036,0.0834696340875498,0.7488847671893789,0.0833333605368675,Topik 2,Netral,Positif,hibur
Pengguna Google,1,2026-04-05 12:02:35,ngebug ny tolong ya,0.0508033170956299,0.8485213209565298,0.0506708677480576,0.0500044941997825,Topik 1,Negatif,Negatif,ngebug nya tolong
Pengguna Google,2,2026-04-05 12:02:30,pliss nah tiktok kaya dulu jangan ada verifikasi umur pusing saya nah jadi nya jangan sampe saya kesal saya beli kantor kalian nah ah kesal saya jadi nya,0.741571194532036,0.2401154165285745,0.0087968087660586,0.0095165801733308,Topik 0,Netral,Negatif,tolong tiktok verifikasi umur pusing nya kesal beli kantor kesal nya
Pengguna Google,4,2026-04-05 12:00:20,MENGINSTAL KOK SMPE 5 MENIT,0.050942417137566,0.8490548444499673,0.0500023376549058,0.0500004007575609,Topik 1,Netral,Positif,menginstal menit
Pengguna Google,5,2026-04-05 11:59:51,sangat bagus,0.08333333426591,0.083333334116811,0.7489177344334214,0.0844155971838575,Topik 2,Positif,Positif,bagus
Pengguna Google,5,2026-04-05 11:59:15,"selama ini tidak ada kendala ataupun masalah selama menggunakan aplikasi Tik tok, terimakasih",0.5565320722833597,0.2911474039514819,0.1343999784775854,0.017920545287573,Topik 0,Netral,Positif,kendala aplikasi tik tok terimakasih
Pengguna Google,5,2026-04-05 11:56:31,aplikasi tiktok aplikasi gak jelas gara gara aplikasi ini ibuku jadi lupa ngasi makan aku sampai aku kelaparan berat gara gara nonton tiktok ibu saya jadi lupa segalanya,0.4375801091069345,0.2708017550062037,0.2828870003769752,0.0087311355098866,Topik 0,Negatif,Negatif,aplikasi tiktok aplikasi gara gara aplikasi ibu lupa ngasi makan lapar berat gara gara nonton tiktok lupa
Pengguna Google,5,2026-04-05 11:55:39,tolong dibikin ringan aplikasinya saat di jalankan,0.0332710878191412,0.9033303566447785,0.0321456236405416,0.0312529318955387,Topik 1,Negatif,Negatif,tolong bikin ringan aplikasi jalan
Pengguna Google,5,2026-04-05 11:55:19,perja keras maju terus Patang mundur ges,0.2529174868802583,0.2032972387552769,0.1873186384815425,0.3564666358829221,Topik 3,Netral,Negatif,perja keras maju patang mundur teman
Pengguna Google,1,2026-04-05 11:54:34,"aplikasi nya kalo di download susah, dan sering lemot kadang kadang keluar dan video nya kebanyakan yg dewasa",0.1454543850492237,0.8272004495904228,0.0141023331804606,0.0132428321798929,Topik 1,Negatif,Negatif,aplikasi nya unduh susah lambat kadang kadang video nya banyak dewasa
Pengguna Google,1,2026-04-05 11:50:49,"lemot , ga jelas",0.0678482325679918,0.8071514911581619,0.0625002021941207,0.0625000740797255,Topik 1,Negatif,Negatif,lambat
Pengguna Google,4,2026-04-05 11:49:40,sangat bagus buat aplod video,0.045105066920288,0.0425599864643447,0.8703738632652744,0.0419610833500928,Topik 2,Positif,Positif,bagus aplod video
Pengguna Google,5,2026-04-05 11:49:13,bagus,0.1250000009788242,0.1250000013901184,0.624999993815306,0.1250000038157514,Topik 2,Positif,Positif,bagus
Pengguna Google,1,2026-04-05 11:47:02,lama banget lemot,0.0627474517017336,0.802291799931197,0.0704070646385577,0.0645536837285114,Topik 1,Negatif,Negatif,lambat
Pengguna Google,5,2026-04-05 11:46:43,bagus dan memengaruhi kehidupan,0.0502303252221201,0.0503493530343833,0.8493055743698025,0.0501147473736941,Topik 2,Positif,Positif,bagus pengaruh hidup
Pengguna Google,5,2026-04-05 11:45:13,gelo banyak yg oot,0.0529769242005935,0.051880914262068,0.6440926641767579,0.2510494973605805,Topik 2,Netral,Positif,gelo oot
Pengguna Google,1,2026-04-05 11:45:00,tolong di perbaiki masak top up GK bisa,0.3309057868040933,0.6127314934097818,0.0283475299925013,0.0280151897936234,Topik 1,Netral,Negatif,tolong baik masak top
Pengguna Google,1,2026-04-05 11:44:59,kenapa harus di batasi padahal biarin biar rame konten kreator di pada sepi,0.8065760962914661,0.1570460907739476,0.0180949713318572,0.0182828416027291,Topik 0,Netral,Negatif,batas biarin rame konten kreator sepi
Pengguna Google,1,2026-04-05 11:44:55,sering mengalami bag,0.0634328473332686,0.8115661277133313,0.062500357588623,0.062500667364777,Topik 1,Netral,Negatif,alami bag
Pengguna Google,5,2026-04-05 11:44:49,gw suka belanja di platfrom ini,0.6079850589415455,0.0381912141384593,0.3180775881358752,0.0357461387841199,Topik 0,Positif,Positif,suka belanja platfrom
Pengguna Google,1,2026-04-05 11:44:22,kebanyakan iklan judol,0.065641298932265,0.0658882432159466,0.0628339725553662,0.805636485296422,Topik 3,Netral,Negatif,banyak iklan judol
Pengguna Google,4,2026-04-05 11:42:52,"tolong donk gimana ini, udah di upgrade tapi paylater nya ga bisa di buka .. gimana cara bayarnya klo kaya gini.. tolong donk tik tok ..",0.1802322414709591,0.7996290353718667,0.0101313704559327,0.0100073527012413,Topik 1,Netral,Negatif,tolong donk gimana upgrade paylater nya buka gimana bayar gin tolong donk tik tok
Pengguna Google,5,2026-04-05 11:41:47,keren,0.1250000117811822,0.1250000069715059,0.6249999339844089,0.125000047262903,Topik 2,Positif,Positif,keren
Pengguna Google,5,2026-04-05 11:41:29,mendapatkan duit yang bnyakkkk,0.8421796368675837,0.0500877089356363,0.05770727534755,0.0500253788492299,Topik 0,Netral,Positif,uang bnyak
Pengguna Google,1,2026-04-05 11:40:14,makin hama tiktok karna adanya iklan judi online yg bikin rusak banyak orang,0.6017600827500811,0.2162916396285364,0.1630827782649625,0.0188654993564198,Topik 0,Netral,Negatif,hama tiktok iklan judi daring rusak orang
Pengguna Google,4,2026-04-05 11:39:56,Knp G bisa login,0.0643010416493867,0.8100109387249371,0.0631816556551866,0.0625063639704896,Topik 1,Positif,Positif,masuk
Pengguna Google,5,2026-04-05 11:39:43,vidio nya enak enak banget,0.0423906258916414,0.0429203328895393,0.872810775011541,0.0418782662072781,Topik 2,Netral,Positif,vidio nya enak enak
Pengguna Google,5,2026-04-05 11:36:27,Deskrip sikan pengalaman Anda ( opsional),0.2104330090630026,0.0417409874649273,0.7061362346942929,0.0416897687777771,Topik 2,Netral,Positif,deskrip sikan alam opsional
Pengguna Google,5,2026-04-05 11:35:55,kalo bisa update lagi bisa lihat Gmail akun tiktok kita,0.5195518528116674,0.4337037468363389,0.023958637784719,0.0227857625672744,Topik 0,Positif,Positif,update lihat gmail akun tiktok
Pengguna Google,2,2026-04-05 11:35:50,jujur aplikasi nya bagus dan sangat menghibur tapi terkadang gw liat orang orang hujat orang yang ga salah,0.5434915648671936,0.013795034720292,0.4294185468857724,0.0132948535267418,Topik 0,Positif,Positif,jujur aplikasi nya bagus hibur terkadang lihat orang orang hujat orang salah
Pengguna Google,5,2026-04-05 11:35:09,lama loadingnya,0.083340144781323,0.7499918870016913,0.083333773070221,0.0833341951467644,Topik 1,Netral,Negatif,loadingnya
Pengguna Google,5,2026-04-05 11:32:43,aku suka banget nonton disini . pokoknya ini apk favorit aku,0.0232085203350663,0.0233225162535733,0.93050295663878,0.0229660067725801,Topik 2,Positif,Positif,suka nonton pokok apk favorit
Pengguna Google,3,2026-04-05 11:32:42,"aku kasi bintang 3 karna ada sedikit hal yg menyebalkan aku mau download tiktok malah ada tulisan ""penyimpanan anda tidak cukup"" pdhl penyimpanan aku aja ga full masih ada sekitaran 5-6 GB lagi, dan juga pas buka aplikasi tiktok lemot bngt masa mau buka tiktok harus nunggu 5-10 menitan. tolong perbaiki",0.2305833117447834,0.7588157038417002,0.0054911965361908,0.0051097878773257,Topik 1,Negatif,Negatif,kasih bintang sebal unduh tiktok tulis simpan simpan penuh sekitar buka aplikasi tiktok lambat buka tiktok nunggu menit tolong baik
Pengguna Google,3,2026-04-05 11:32:15,kasih bintang tiga aja deh soalnya aku download tik tok ram nya udh gede juga tetep lemot+ ngelag parah padahal data wifi lancar tapi tetep ngelag,0.0095585455037252,0.9712648378589932,0.0095545446491226,0.0096220719881588,Topik 1,Negatif,Negatif,kasih bintang deh unduh tik tok ram nya gede lambat lambat parah data wifi lancar lambat
Pengguna Google,5,2026-04-05 11:30:41,bagus TPI banyak yg mengsalah gunakan apk nya,0.0288034686629182,0.0295098577564429,0.9138349783487608,0.0278516952318777,Topik 2,Positif,Positif,bagus mengsalah apk nya
Pengguna Google,4,2026-04-05 11:29:58,kenapa apk tiktok ini lemot banget parah,0.0318833826943168,0.9021628814522096,0.0341496972485082,0.0318040386049655,Topik 1,Negatif,Negatif,apk tiktok lambat parah
Pengguna Google,5,2026-04-05 11:28:59,bagus,0.1250000009788242,0.1250000013901184,0.624999993815306,0.1250000038157514,Topik 2,Positif,Positif,bagus
Pengguna Google,5,2026-04-05 11:28:17,bagus tapi aku ngga punya emot pelenger,0.5247474952059383,0.0326876896856718,0.4111991087437756,0.0313657063646141,Topik 0,Positif,Positif,bagus emot pelenger
Pengguna Google,2,2026-04-05 11:24:57,kenapa semakin di update semakin lama lelet padahal ruang memory hp gede. dan paket data gede. kebanyakan iklan gak penting pula. padahal tiktok dah untung masih aja nyari lebih.,0.0091144516315783,0.9729569860229272,0.0094846851153451,0.0084438772301494,Topik 1,Netral,Negatif,update lambat ruang memory gede paket data gede banyak iklan tiktok untung nyari
Pengguna Google,5,2026-04-05 11:23:59,"Luarrr biasa bisa gabung dengan apl ini karena bisa menghasilkan cuaan, dan bisa melakukan interaksi dan jual beli",0.3411959455989204,0.0136099692675001,0.6014256950826318,0.0437683900509477,Topik 2,Positif,Positif,gabung apl hasil cua interaksi jual beli
Pengguna Google,5,2026-04-05 11:23:40,iya in ajaa,0.0652901421063084,0.7972902207819405,0.0638229561316074,0.0735966809801436,Topik 1,Netral,Positif,iya
Pengguna Google,5,2026-04-05 11:21:17,aku suka tiktok karena bisa dapat duit,0.0335762145392345,0.0327865378700622,0.9021826768599236,0.0314545707307794,Topik 2,Positif,Positif,suka tiktok uang
Pengguna Google,5,2026-04-05 11:20:51,aplikasi yang dapat digunakan untuk melakukan hubungan yang lebih baik dan harmonis,0.2841558407679478,0.0193882419477402,0.6772029327472762,0.0192529845370357,Topik 2,Netral,Positif,aplikasi hubung harmonis
Pengguna Google,1,2026-04-05 11:16:58,"maksudmu gimana sih, udh uninstal trus instal berapa kali eh ,udh tu memakan memory, udh itu pas masuk nge bug eh kluar lagi,udh tu bug macet suara tetap ada,udh lelet buat vidio poto bisa sampe 2 atau 3 kali hadeh,perbaiki dong,mentang apk bagus malah kayak gini,udh hpus change hpus riwayat tontonan ttep aja gini,pas mau live lelet padahal sinyal lacar eh kluar sendiri,hadeh tolong perbaiki",0.0696440009194983,0.906032851863588,0.0207766686747808,0.0035464785421327,Topik 1,Netral,Negatif,maksud gimana uninstall instal kali makan memory masuk nge error kluar error macet suara lambat vidio foto kali aduh baik mentang apk bagus gin hpus change hpus riwayat tonton gin live lambat jaring lacar kluar aduh tolong baik
Pengguna Google,5,2026-04-05 11:16:18,cocok buat orang gabut dan hiburan dan juga kerja bikin terkenal main streakk🔥 bareng temen,0.0158112018687744,0.0149867248541547,0.8150769361439074,0.1541251371331634,Topik 2,Netral,Positif,cocok orang gabut hibur kerja kenal main streakk bareng teman
Pengguna Google,4,2026-04-05 11:15:37,mantap,0.1250000060051261,0.1250000035252076,0.6249999674151272,0.1250000230545389,Topik 2,Positif,Positif,mantap
Pengguna Google,1,2026-04-05 11:14:18,ngelag,0.1250000262948935,0.6249994111236037,0.1250004587993648,0.125000103782138,Topik 1,Negatif,Negatif,lambat
Pengguna Google,5,2026-04-05 11:12:43,saya sangat suka dengan tik tok,0.0373935768371245,0.4057391289706105,0.3408909320142541,0.2159763621780109,Topik 1,Positif,Positif,suka tik tok
Pengguna Google,1,2026-04-05 11:12:37,"Banyak konten bohong,,, tolong diperketat,, karna merusak",0.903579193439263,0.0322283909105088,0.0326370607729084,0.0315553548773197,Topik 0,Negatif,Negatif,konten bohong tolong ketat rusak
Pengguna Google,1,2026-04-05 11:12:30,tolong lah pihak tiktok masa dowload ngak bisa,0.029825125692013,0.9139998338250156,0.0282498110530648,0.0279252294299066,Topik 1,Netral,Negatif,tolong tiktok dowload
Pengguna Google,2,2026-04-05 11:10:24,jelek,0.1264501626399809,0.6208209892044231,0.1271046506340519,0.125624197521544,Topik 1,Negatif,Negatif,jelek
Pengguna Google,5,2026-04-05 11:09:37,"omggg,vidionya banyak bgttt, sukaa",0.0419736215948491,0.0422432493228747,0.8727562671309728,0.0430268619513034,Topik 2,Positif,Positif,tuhan vidionya sukaa
Pengguna Google,1,2026-04-05 11:08:24,gw kalau masuk tiktok 1-2 menit,0.0451830515909884,0.8708868768467818,0.0421072481305962,0.0418228234316334,Topik 1,Netral,Positif,masuk tiktok menit
Pengguna Google,5,2026-04-05 11:05:10,"menurut saya aplikasi ini sangat berguna dan bermanfaat,, hiburan yg ada di sini bagus banget",0.1794563073098579,0.0167810842287984,0.7880708743276933,0.0156917341336502,Topik 2,Positif,Positif,aplikasi guna manfaat hibur bagus
Pengguna Google,1,2026-04-05 11:05:06,aku suka karna banyak yang nonton,0.0373489679868289,0.0366373722120278,0.8901769906123433,0.0358366691887998,Topik 2,Positif,Positif,suka nonton
Pengguna Google,5,2026-04-05 11:01:28,bagus,0.1250000009788242,0.1250000013901184,0.624999993815306,0.1250000038157514,Topik 2,Positif,Positif,bagus
Pengguna Google,4,2026-04-05 11:01:16,tolong tiktok shopku dimanaaaaa,0.0514854183939725,0.8475452760845961,0.0506352664252117,0.0503340390962195,Topik 1,Negatif,Negatif,tolong tiktok shopku mana
Pengguna Google,1,2026-04-05 11:01:11,"tiktok gak jelas, lintah darat , udh topip mahal di potong hsil live gede bgt blol lagi kalah kena pelanggaran, apk gk jelas",0.6043367561694681,0.1626578721133707,0.221734342041155,0.0112710296760062,Topik 0,Netral,Negatif,tiktok lintah darat topip mahal potong hsil live gede blol kalah kena langgar apk
Pengguna Google,5,2026-04-05 11:00:48,bagus bgt bisa scroll vidio dan para artis pun bikin vt di tiktok sayangnya akun ku kedeluarsa 😭😁,0.4476524103434531,0.0102776315951639,0.2023044776495591,0.3397654804118238,Topik 0,Positif,Positif,bagus gulir vidio artis tiktok sayang akun kedeluarsa
Pengguna Google,1,2026-04-05 11:00:28,"bikin praturan keras kli,,, akun ku de blok pihak tik tok tidak adil",0.660567274612859,0.3018032060766684,0.0189603594817706,0.0186691598287018,Topik 0,Netral,Positif,praturan keras kli akun blok tik tok adil
Pengguna Google,1,2026-04-05 10:57:58,apgret nya lama,0.0630904824660412,0.8108149186467887,0.0635747586487082,0.0625198402384618,Topik 1,Netral,Positif,apgret nya
Pengguna Google,1,2026-04-05 10:57:16,ga suka aja. ribet menurut ku,0.0384949706519861,0.6592280626570178,0.2664972867326396,0.0357796799583562,Topik 1,Positif,Positif,suka ribet
Pengguna Google,4,2026-04-05 10:56:20,bagus,0.1250000009788242,0.1250000013901184,0.624999993815306,0.1250000038157514,Topik 2,Positif,Positif,bagus
Pengguna Google,5,2026-04-05 10:55:55,keren aja gitu,0.0639204271232196,0.5535239164386314,0.3200516521097822,0.0625040043283668,Topik 1,Positif,Positif,keren gitu
Pengguna Google,5,2026-04-05 10:55:44,bagus aplikasi sehat dan bermanfaat,0.0421145356755556,0.0419686716196706,0.8741791701274111,0.0417376225773625,Topik 2,Positif,Positif,bagus aplikasi sehat manfaat
Pengguna Google,5,2026-04-05 10:55:31,mana vn tiktok cihhhhh,0.6087187618673219,0.0519528536623584,0.288792252797232,0.0505361316730876,Topik 0,Netral,Positif,tiktok cih
Pengguna Google,4,2026-04-05 10:55:09,kapan aku dapet vn di komentar,0.8910543307926283,0.0367570594125409,0.0363733389252365,0.0358152708695941,Topik 0,Netral,Positif,komentar
Pengguna Google,5,2026-04-05 10:49:48,Bagud,0.1252758923592206,0.6246957925595618,0.1250113205155146,0.125016994565703,Topik 1,Netral,Positif,bagud
Pengguna Google,5,2026-04-05 10:49:46,lambat asi,0.0833704669528837,0.0848567708967625,0.748416877812343,0.0833558843380107,Topik 2,Netral,Positif,lambat asi
Pengguna Google,5,2026-04-05 10:49:05,Sangat bagus menurut saya saya sangat suka tiktok,0.0290637563292398,0.0284120401145317,0.9144944425054288,0.0280297610507998,Topik 2,Positif,Positif,bagus suka tiktok
Pengguna Google,3,2026-04-05 10:49:03,"ganggu banget dah pas di toko masuk produk terus niatnya mau balik ke beranda toko malah dibalikin ke beranda video, jadi harus bolak balik masuk keluar, tolong perbaiki lah ini sistemnya",0.3280472034278753,0.65610942991228,0.007983888172568,0.0078594784872765,Topik 1,Negatif,Negatif,ganggu toko masuk produk niat beranda toko dibalikin beranda video bolak masuk tolong baik sistem
Pengguna Google,5,2026-04-05 10:46:50,"aplikasinya bagus sekali untuk menambah pengetahuan tau wawasan karena disini banyak video edukasi yang bisa kite temukan, contoh nya sejarah Indonesia dll.",0.2472156479647855,0.0111396243730411,0.7306751592335452,0.0109695684286282,Topik 2,Positif,Positif,aplikasi bagus tambah tahu wawas video edukasi kite temu contoh nya sejarah indonesia dsb
Pengguna Google,1,2026-04-05 10:43:07,apk gak jelas,0.0687128617506377,0.8047741977289438,0.0637047977700314,0.0628081427503872,Topik 1,Netral,Positif,apk
Pengguna Google,5,2026-04-05 10:41:57,mantab,0.6249979779883966,0.1250001714696719,0.1250006598286924,0.1250011907132391,Topik 0,Netral,Positif,mantab
Pengguna Google,3,2026-04-05 10:41:43,banyak vidio toblut,0.0657251253737727,0.0638720088504381,0.5556602474572994,0.3147426183184898,Topik 2,Netral,Positif,vidio toblut
Pengguna Google,1,2026-04-05 10:41:39,sering ke hapus sendiri,0.0872317897168759,0.8127681702478226,0.0500000132519843,0.0500000267833172,Topik 1,Netral,Negatif,hapus
Pengguna Google,5,2026-04-05 10:41:10,bagus,0.1250000009788242,0.1250000013901184,0.624999993815306,0.1250000038157514,Topik 2,Positif,Positif,bagus
Pengguna Google,5,2026-04-05 10:38:43,Aplikasi bagus,0.0835801503704259,0.0842039045123849,0.7488694215820472,0.0833465235351419,Topik 2,Positif,Positif,aplikasi bagus
Pengguna Google,2,2026-04-05 10:37:55,lemot nya ...,0.0845720866043452,0.7464441748995607,0.0856409916556174,0.0833427468404764,Topik 1,Negatif,Negatif,lambat nya
Pengguna Google,5,2026-04-05 10:36:51,mantab,0.6249979779883966,0.1250001714696719,0.1250006598286924,0.1250011907132391,Topik 0,Netral,Positif,mantab
Pengguna Google,5,2026-04-05 10:36:28,cok bisa voice note 😝😝😝😝,0.0092780434990073,0.0093483117603182,0.0942487092240681,0.8871249355166063,Topik 3,Positif,Positif,jancuk suara note
Pengguna Google,5,2026-04-05 10:36:20,lumayan cuma suka ke blokir saja,0.5890261374295728,0.0376577262096435,0.3375744699826832,0.0357416663781004,Topik 0,Positif,Positif,lumayan suka blokir
Pengguna Google,2,2026-04-05 10:35:41,lelet di HP saya,0.0551961023097439,0.8426195755321265,0.0521831690660758,0.0500011530920536,Topik 1,Netral,Negatif,lambat
Pengguna Google,3,2026-04-05 10:34:45,saya kalau buka tiktok selalu keluar aplikasi,0.0333719973147773,0.9016552247073096,0.0336361411179145,0.0313366368599983,Topik 1,Netral,Positif,buka tiktok aplikasi
Pengguna Google,5,2026-04-05 10:34:36,kak aku kasih bintang 5 aku ingin banget story tiktok nya di kunci biar orang lain tidak bisah di screenshot atau mengambil nya secara langsung semoga di terima pesan aku,0.8972925530930266,0.0088043118738313,0.0852885937541164,0.0086145412790256,Topik 0,Positif,Positif,kakak kasih bintang cerita tiktok nya kunci orang bisah screenshot ambil nya langsung moga terima pesan
Pengguna Google,2,2026-04-05 10:34:09,"tiktok shop ny tolong di utus lgi dh, aku dari awal pesan udah ganti alamat penjual minta konfirmasi alamat tpi beda tujuan memang salah ku ga dibaca lagi tapi hrsnya alamat sesuai yg sudah di pilih pembeli dong, masa bisa diganti alamatny gitu gmn jadiny kyk gini kan nyusahin pembeli dan penjual mana jauh lgi alamatny. udh berkali² barangku dikirim kyk gini jdinya rugi ongkos",0.5714893867668375,0.4053977841355178,0.003851397338502,0.0192614317591425,Topik 0,Netral,Negatif,tiktok toko nya tolong utus pesan ganti alamat jual konfirmasi alamat beda tuju salah baca alamat sesuai pilih beli ganti alamatny gitu jadiny gin nyusahin beli jual alamatny kali barang kirim gin jdinya rugi ongkos
Pengguna Google,5,2026-04-05 10:31:35,Ini kadang ngelag kadang kaga,0.0424712714788826,0.872996977326883,0.0428629426293125,0.0416688085649216,Topik 1,Negatif,Negatif,kadang lambat kadang
Pengguna Google,5,2026-04-05 10:29:51,wenakk poll semoga update an kaliini bisa vn aminnn,0.4524112954203534,0.1655034377053969,0.356425406765358,0.0256598601088915,Topik 0,Positif,Positif,wenakk moga update kaliini amin
Pengguna Google,5,2026-04-05 10:29:43,Lancar,0.125000058290523,0.6249995143221677,0.1250002055949507,0.1250002217923585,Topik 1,Netral,Positif,lancar
Pengguna Google,1,2026-04-05 10:27:31,akun saya bernama moohelcool tiba tiba keblokir tanpa sebab apapun,0.9311778282131088,0.0231077418275314,0.0228536938523724,0.0228607361069872,Topik 0,Netral,Positif,akun nama moohelcool blokir apa
Pengguna Google,4,2026-04-05 10:24:54,bagus,0.1250000009788242,0.1250000013901184,0.624999993815306,0.1250000038157514,Topik 2,Positif,Positif,bagus
Pengguna Google,5,2026-04-05 10:22:46,daftar nya cepet banget,0.0556847846835828,0.8375133849906146,0.0556153831317868,0.0511864471940157,Topik 1,Netral,Positif,daftar nya cepat
Pengguna Google,1,2026-04-05 10:22:39,"tidak disarankan untuk diunduh, blokir akun saya permanen. 👎👎👎👎👎👎👎👎👎👎👎👎👎👎👎👎👎👎👎👎👎👎👎👎👎👎👎👎👎👎👎👎👎👎👎👎👎👎",0.99388449546339,0.0020467770456778,0.0020361885120386,0.0020325389788937,Topik 0,Netral,Positif,saran unduh blokir akun permanen
Pengguna Google,1,2026-04-05 10:22:35,gak bisa download,0.0649098171288369,0.8094001693775936,0.0631819275611559,0.0625080859324133,Topik 1,Positif,Positif,unduh
Pengguna Google,5,2026-04-05 10:21:53,mantap👍,0.6498623127165303,0.0501378741593149,0.2499997941595724,0.0500000189645823,Topik 0,Positif,Positif,mantap
Pengguna Google,5,2026-04-05 10:21:23,anjay,0.1250003715936207,0.1250002326968458,0.6249976941878326,0.1250017015217007,Topik 2,Netral,Positif,anjay
Pengguna Google,5,2026-04-05 10:20:33,bagus,0.1250000009788242,0.1250000013901184,0.624999993815306,0.1250000038157514,Topik 2,Positif,Positif,bagus
Pengguna Google,1,2026-04-05 10:17:29,yang bener anjk masa jaringan lancar buka komen gabisa aneh bet updatenya,0.2289476641097751,0.636229794857516,0.1154737321214706,0.0193488089112383,Topik 1,Positif,Positif,anjk jaring lancar buka komen tidak bisa aneh updatenya
Pengguna Google,1,2026-04-05 10:16:00,"Halah, aplikasi apaan ini. pas Keluar dari live tiba tiba semua video ke refresh gak jelas, kadang ada tulisan ""tidak dapat memuat""",0.5024079195421314,0.4753857359253102,0.0113245725340424,0.0108817719985161,Topik 0,Netral,Positif,halah aplikasi live video refresh kadang tulis muat
Pengguna Google,1,2026-04-05 10:13:37,marak kasus kebocoran data gara gara ni aplikasi,0.90779700254148,0.0319039155530158,0.0324341851153501,0.027864896790154,Topik 0,Netral,Negatif,marak bocor data gara gara aplikasi
Pengguna Google,1,2026-04-05 10:12:20,akun ku di ban njir padahal itu bukan salah ku terus kalo aku yang laporin pengguna lain gak terdeteksi pelanggaran,0.962314122451403,0.0137058437967711,0.0120087159555972,0.0119713177962284,Topik 0,Netral,Negatif,akun ban anjing salah laporin guna deteksi langgar
Pengguna Google,1,2026-04-05 10:11:19,RAK NYA MASIK BANYAK APK NYA ENDA BISA DI DOWNLOT,0.0237713709385154,0.8357457931395376,0.0241131489276948,0.1163696869942522,Topik 1,Positif,Positif,rak nya masik apk nya enda downlot
Pengguna Google,3,2026-04-05 10:10:52,enak tapi pas login nya lama memori aku masih ada tapi login nya lama,0.0175432254516277,0.9480114357350372,0.0177517910055069,0.016693547807828,Topik 1,Netral,Positif,enak masuk nya ingat masuk nya
Pengguna Google,4,2026-04-05 10:10:48,bagus sih cmn sarang monyet mon maap😔🙏,0.0214920450985278,0.1241350254900121,0.4140750387692057,0.4402978906422544,Topik 3,Positif,Positif,bagus sarang monyet mohon maaf
Pengguna Google,5,2026-04-05 10:09:56,saya suka,0.0908021174875422,0.0860292456953782,0.7397674952134413,0.0834011416036382,Topik 2,Positif,Positif,suka
Pengguna Google,5,2026-04-05 10:09:34,bagus,0.1250000009788242,0.1250000013901184,0.624999993815306,0.1250000038157514,Topik 2,Positif,Positif,bagus
Pengguna Google,5,2026-04-05 10:09:31,ba gu amat output!!!!!!!!!!!!!!!!!!!!!!!!!!!!!!!!!!!!!!!!!!!!!!!!!!!!!!!!!!!!!!!!!!!!!!!!!!!!!!!!!!!!!!,0.0529461769091474,0.0513017248942659,0.8455489145571544,0.050203183639432,Topik 2,Netral,Positif,output
Pengguna Google,5,2026-04-05 10:07:42,"tiktok memang bagus banget aku suka deh kita bisa bikin video trend, chat,dan scorolling tiktok",0.1317865913767524,0.0152711568649888,0.8380859440441042,0.0148563077141547,Topik 2,Positif,Positif,tiktok bagus suka deh video trend chat scorolling tiktok
Pengguna Google,2,2026-04-05 10:07:17,Rendi lewu,0.0833514196820134,0.0833440878807466,0.0833662157157715,0.7499382767214684,Topik 3,Netral,Positif,rendi lewu
Pengguna Google,1,2026-04-05 10:05:37,ngeleg padahal ram masih aman jaringan juga aman suka balik lagi ke setelan awal sering tidak menanggapi,0.0150282511399267,0.9569700791221276,0.0141092847477828,0.0138923849901625,Topik 1,Positif,Negatif,ngeleg ram aman jaring aman suka setel tanggap
Pengguna Google,5,2026-04-05 10:05:17,banyak hiburan yg menarik,0.0520432447010329,0.0507405470023279,0.8471863468740993,0.0500298614225397,Topik 2,Netral,Positif,hibur tarik
Pengguna Google,5,2026-04-05 10:04:19,Bagus,0.1250000009788242,0.1250000013901184,0.624999993815306,0.1250000038157514,Topik 2,Positif,Positif,bagus
Pengguna Google,5,2026-04-05 10:02:07,bagus untuk yang sering gabut kaya aku,0.032783981510753,0.3182615826116085,0.6176421619713203,0.0313122739063182,Topik 2,Positif,Positif,bagus gabut
Pengguna Google,5,2026-04-05 10:00:08,Tampilan pengaturan kok jadi putih tidak terlihat tulisan nya?? kenapa??,0.8379382804250004,0.0248664995402509,0.0231362802129339,0.1140589398218145,Topik 0,Netral,Negatif,tampil atur putih tulis nya
Pengguna Google,1,2026-04-05 09:59:09,udah penyimpanan gede.. terus foto yg bagus2 tiba2 hilang ga kesimpen gitu aja!! yg jelek malah kesimpen!!!!!,0.2121260244922241,0.7598717057543427,0.0141085852273634,0.0138936845260698,Topik 1,Netral,Negatif,simpan gede foto bagus hilang kesimpen gitu jelek kesimpen
Pengguna Google,5,2026-04-05 09:59:00,i just think its okay,0.0500002097166559,0.0500001264401464,0.0500004032679604,0.8499992605752371,Topik 3,Netral,Positif,just think its okay
Pengguna Google,5,2026-04-05 09:57:32,Aplikasi nya sangat bagus,0.050531219054798,0.051445722375195,0.8477271246968386,0.0502959338731683,Topik 2,Positif,Positif,aplikasi nya bagus
Pengguna Google,5,2026-04-05 09:55:48,bgus,0.125000025090597,0.1250000175070836,0.6249998610331775,0.1250000963691418,Topik 2,Netral,Positif,bgus
Pengguna Google,4,2026-04-05 09:51:52,"tiktok sekarang menggunakan pembatasan umur, yang dibawa umur di kenakan pembatasan, kenapa harus ada pembatasan umur padahal semua bocil ingin bersenang senang, dan bisa berinteraksi dengan orang lain presiden gak adil ngasih kayak gini",0.7731361937609171,0.1092313215101256,0.1100709073811371,0.00756157734782,Topik 0,Positif,Positif,tiktok batas umur bawa umur kena batas batas umur bocil senang senang interaksi orang presiden adil ngasih gin
Pengguna Google,4,2026-04-05 09:50:31,kadang kalo lagi live nge lag trus,0.1655961514615116,0.7718896138852794,0.0312583815518506,0.0312558531013582,Topik 1,Netral,Negatif,kadang live nge lambat
Pengguna Google,5,2026-04-05 09:50:12,Aplikasi sangat seruh buat hiburan,0.0420905917685643,0.0419398067837057,0.8741064636955963,0.0418631377521336,Topik 2,Netral,Positif,aplikasi seruh hibur
Pengguna Google,1,2026-04-05 09:48:38,sangat baguss,0.083333338460381,0.0833333364903693,0.7489183070716142,0.0844150179776355,Topik 2,Positif,Positif,baguss
